"id","dex_no","name","hp","atk","def","sp_atk","sp_def","speed","bst","ability_1","ability_2","hidden_ability","type_1","type_2","evolutions","notes"
1,"#001","Bulbasaur",45,49,49,65,65,45,318,"Solar Power","Overgrow","Chlorophyll","Grass","Poison","Ivysaur - Level 16",NA
2,"#002","Ivysaur",60,62,63,80,80,60,405,"Solar Power","Overgrow","Chlorophyll","Grass","Poison","Venusaur - Level 32",NA
3,"#003","Venusaur",80,87,85,103,100,80,535,"Solar Power","Overgrow","Chlorophyll","Grass","Poison",NA,NA
4,"#004","Charmander",39,52,43,60,50,65,309,"Defiant","Blaze","Solar Power","Fire",NA,"Charmeleon - Level 16",NA
5,"#005","Charmeleon",58,64,58,80,65,80,405,"Defiant","Blaze","Solar Power","Fire","Dragon","Charizard - Level 36",NA
6,"#006","Charizard",75,101,75,109,75,100,535,"Defiant","Blaze","Solar Power","Fire","Dragon",NA,NA
7,"#007","Squirtle",44,48,65,50,64,43,314,"Shell Armor","Torrent","Rain Dish","Water",NA,"Wartortle - Level 16",NA
8,"#008","Wartortle",59,63,80,65,80,58,405,"Shell Armor","Torrent","Rain Dish","Water",NA,"Blastoise - Level 36",NA
9,"#009","Blastoise",79,83,100,90,105,78,535,"Shell Armor","Torrent","Rain Dish","Water",NA,NA,NA
10,"#010","Caterpie",45,30,35,20,20,45,195,"Shield Dust","Run Away","Run Away","Bug",NA,"Metapod - Level 7",NA
11,"#011","Metapod",50,20,55,25,25,30,205,"Shed Skin","Battle Armor","Shed Skin","Bug",NA,"Butterfree - Level 10",NA
12,"#012","Butterfree",65,45,60,100,90,90,450,"Compound Eyes","Tinted Lens","Tinted Lens","Bug","Flying",NA,NA
13,"#013","Weedle",40,35,30,20,20,50,195,"Shield Dust","Run Away","Run Away","Bug","Poison","Kakuna - Level 7",NA
14,"#014","Kakuna",45,25,50,25,25,35,205,"Shed Skin","Battle Armor","Shed Skin","Bug","Poison","Beedrill - Level 10",NA
15,"#015","Beedrill",65,105,50,55,95,85,455,"Adaptability","Sniper","Swarm","Bug","Poison",NA,NA
16,"#016","Pidgey",40,35,35,50,35,56,251,"Big Pecks","Tangled Feet","Keen Eye","Normal","Flying","Pidgeotto - Level 18",NA
17,"#017","Pidgeotto",63,50,50,65,50,71,349,"Big Pecks","Tangled Feet","Keen Eye","Normal","Flying","Pidgeot - Level 36",NA
18,"#018","Pidgeot",83,60,70,115,70,101,499,"No Guard","Tangled Feet","Keen Eye","Normal","Flying",NA,NA
19,"#019","Rattata",30,56,35,25,35,72,253,"Hustle","Guts","Run Away","Normal",NA,"Raticate - Level 20",NA
20,"#020","Raticate",60,92,60,50,70,108,440,"Hustle","Guts","Run Away","Normal",NA,NA,NA
21,"#021","Spearow",50,60,40,31,31,70,282,"Intimidate","Sniper","Sniper","Flying",NA,"Fearow - Level 21",NA
22,"#022","Fearow",85,95,80,61,64,100,485,"Intimidate","Sniper","Sniper","Flying",NA,NA,NA
23,"#023","Ekans",35,60,44,40,54,55,288,"Intimidate","Shed Skin","Unnerve","Poison",NA,"Arbok - Level 21",NA
24,"#024","Arbok",60,110,70,55,80,80,455,"Intimidate","Shed Skin","Unnerve","Poison",NA,NA,NA
25,"#025","Pikachu",40,65,30,65,40,100,340,"Static","Lightning Rod","Lightning Rod","Electric",NA,"Raichu - Thunderstone",NA
26,"#026","Raichu",60,95,55,95,80,110,495,"Static","Lightning Rod","Lightning Rod","Electric",NA,NA,NA
27,"#027","Sandshrew",50,75,85,20,30,40,300,"Rough Skin","Sand Rush","Sand Rush","Ground",NA,"Sandslash - Level 22",NA
28,"#028","Sandslash",75,100,110,45,55,65,450,"Rough Skin","Sand Rush","Sand Rush","Ground",NA,NA,NA
29,"#029","Nidoran F",55,47,52,40,40,41,275,"Hustle","Poison Point","Rivalry","Poison",NA,"Nidorina - Level 16",NA
30,"#030","Nidorina",70,62,67,55,55,56,365,"Hustle","Poison Point","Rivalry","Poison",NA,"Nidoqueen - Moon Stone",NA
31,"#031","Nidoqueen",90,82,87,75,85,76,495,"Sheer Force","Poison Point","Rivalry","Poison","Ground",NA,NA
32,"#032","Nidoran M",46,57,40,40,40,50,273,"Hustle","Poison Point","Rivalry","Poison",NA,"Nidorino - Level 16",NA
33,"#033","Nidorino",61,72,57,55,55,65,365,"Hustle","Poison Point","Rivalry","Poison",NA,"Nidoking - Moon Stone",NA
34,"#034","Nidoking",81,92,77,85,75,85,495,"Sheer Force","Poison Point","Rivalry","Poison","Ground",NA,NA
35,"#035","Clefairy",70,45,48,60,65,35,323,"Cute Charm","Magic Guard","Friend Guard","Fairy",NA,"Clefable - Moon Stone",NA
36,"#036","Clefable",95,70,73,85,90,60,473,"Unaware","Magic Guard","Unaware","Fairy",NA,NA,NA
37,"#037","Vulpix",38,41,40,50,65,65,299,"Drought","Flash Fire","Drought","Fire",NA,"Ninetales - Fire Stone",NA
38,"#038","Ninetales",73,67,75,81,100,109,505,"Drought","Flash Fire","Drought","Fire","Fairy",NA,NA
39,"#039","Jigglypuff",115,35,20,55,25,20,270,"Cute Charm","Friend Guard","Friend Guard","Normal","Fairy","Wigglytuff - Moon Stone",NA
40,"#040","Wigglytuff",140,60,45,95,50,45,435,"Huge Power","Friend Guard","Frisk","Normal","Fairy",NA,NA
41,"#041","Zubat",40,45,35,30,40,55,245,"Inner Focus","Infiltrator","Infiltrator","Poison","Flying","Golbat - Level 22",NA
42,"#042","Golbat",75,80,70,65,75,90,455,"Inner Focus","Infiltrator","Infiltrator","Poison","Flying","Crobat -",NA
43,"#043","Oddish",45,50,55,75,65,30,320,"Chlorophyll","Run Away","Run Away","Grass","Poison","Gloom - Level 21",NA
44,"#044","Gloom",60,65,70,85,75,40,395,"Chlorophyll","Stench","Stench","Grass","Poison","Vileplume - Leaf Stone, Bellossom - Sun Stone",NA
46,"#045","Vileplume",75,80,85,100,90,50,480,"Thick Fat","Effect Spore","Effect Spore","Grass","Poison",NA,NA
47,"#046","Paras",35,70,55,45,55,25,285,"Effect Spore","Dry Skin","Damp","Bug","Grass","Parasect - Level 24",NA
48,"#047","Parasect",60,115,100,55,90,30,450,"Effect Spore","Dry Skin","Damp","Bug","Grass",NA,NA
49,"#048","Venonat",70,55,55,50,60,45,335,"Compound Eyes","Tinted Lens","Run Away","Bug","Poison","Venomoth - Level 28",NA
50,"#049","Venomoth",70,55,60,100,75,90,450,"Wonder Skin","Tinted Lens","Shield Dust","Bug","Poison",NA,NA
51,"#050","Diglett",10,55,25,35,45,95,265,"Sand Force","Arena Trap","Sand Force","Ground",NA,"Dugtrio - Level 26",NA
52,"#051","Dugtrio",35,100,50,50,70,120,425,"Sand Force","Arena Trap","Sand Force","Ground",NA,NA,NA
53,"#052","Meowth",45,60,35,30,40,90,300,"Unnerve","Technician","Pickup","Normal",NA,"Persian - Level 28",NA
54,"#053","Persian",65,90,60,80,65,115,475,"Unnerve","Technician","Pickup","Normal",NA,NA,NA
55,"#054","Psyduck",50,52,48,65,50,55,320,"Cloud Nine","Swift Swim","Damp","Water",NA,"Golduck - Level 25",NA
56,"#055","Golduck",80,82,78,95,80,85,500,"Cloud Nine","Swift Swim","Damp","Water","Psychic",NA,NA
57,"#056","Mankey",40,80,35,35,45,70,305,"Defiant","Anger Point","Vital Spirit","Fighting",NA,"Primeape - Level 28",NA
58,"#057","Primeape",64,105,60,60,70,95,454,"Defiant","Anger Point","Vital Spirit","Fighting",NA,NA,NA
59,"#058","Growlithe",55,70,45,70,50,60,350,"Intimidate","Flash Fire","Justified","Fire",NA,"Arcanine - Fire Stone",NA
60,"#059","Arcanine",90,110,80,100,80,95,555,"Intimidate","Flash Fire","Justified","Fire",NA,NA,NA
61,"#060","Poliwag",40,50,40,40,40,90,300,"Water Absorb","Swift Swim","Damp","Water",NA,"Poliwhirl - Level 25",NA
62,"#061","Poliwhirl",65,65,65,50,50,90,385,"Water Absorb","Swift Swim","Damp","Water",NA,"Poliwrath - Water Stone, Politoed - Use King's Rock",NA
64,"#062","Poliwrath",90,105,95,60,90,70,510,"Water Absorb","Swift Swim","Damp","Water","Fighting",NA,NA
65,"#063","Abra",25,20,15,105,55,90,310,"Synchronize","Magic Guard","Inner Focus","Psychic",NA,"Kadabra - Level 16",NA
66,"#064","Kadabra",40,35,30,120,70,105,400,"Synchronize","Magic Guard","Inner Focus","Psychic",NA,"Alakazam - Use Link Cable",NA
67,"#065","Alakazam",55,50,45,135,85,120,490,"Synchronize","Magic Guard","Inner Focus","Psychic",NA,NA,NA
68,"#066","Machop",70,80,50,35,35,35,305,"Steadfast","No Guard","Steadfast","Fighting",NA,"Machoke - Level 28",NA
69,"#067","Machoke",80,100,70,50,60,45,405,"Steadfast","No Guard","Steadfast","Fighting",NA,"Machamp - Use Link Cable",NA
70,"#068","Machamp",90,130,80,65,85,55,505,"Guts","No Guard","Steadfast","Fighting",NA,NA,NA
71,"#069","Bellsprout",50,75,35,70,30,40,300,"Chlorophyll","Gluttony","Chlorophyll","Grass","Poison","Weepinbell - Level 21",NA
72,"#070","Weepinbell",65,90,50,85,45,55,390,"Chlorophyll","Gluttony","Chlorophyll","Grass","Poison","Victreebel - Leaf Stone",NA
73,"#071","Victreebel",80,105,65,100,60,70,480,"Chlorophyll","Gluttony","Chlorophyll","Grass","Poison",NA,NA
74,"#072","Tentacool",40,40,35,50,100,70,335,"Clear Body","Rain Dish","Liquid Ooze","Water","Poison","Tentacruel - Level 30",NA
75,"#073","Tentacruel",80,70,65,80,120,100,515,"Clear Body","Rain Dish","Liquid Ooze","Water","Poison",NA,NA
76,"#074","Geodude",40,80,100,30,30,20,300,"Rock Head","Sturdy","Sand Veil","Rock","Ground","Graveler - Level 25",NA
77,"#075","Graveler",55,95,115,45,45,35,390,"Rock Head","Sturdy","Sand Veil","Rock","Ground","Golem - Use Link Cable",NA
78,"#076","Golem",80,110,130,55,65,45,485,"Rock Head","Sturdy","Sand Veil","Rock","Ground",NA,NA
79,"#077","Ponyta",50,85,55,65,65,90,410,"Flame Body",NA,"Flame Body","Fire",NA,"Rapidash - Level 35",NA
80,"#078","Rapidash",65,100,70,80,80,105,500,"Flame Body",NA,"Flame Body","Fire","Fairy",NA,NA
81,"#079","Slowpoke",90,65,65,40,40,15,315,"Regenerator","Own Tempo","Regenerator","Water","Psychic","Slowbro - Level 33, Slowking - Use King's Rock",NA
83,"#080","Slowbro",95,75,110,100,80,30,490,"Regenerator","Own Tempo","Regenerator","Water","Psychic",NA,NA
84,"#081","Magnemite",25,35,70,95,55,45,325,"Analytic","Sturdy","Magnet Pull","Electric","Steel","Magneton - Level 30",NA
85,"#082","Magneton",50,60,95,120,70,70,465,"Analytic","Sturdy","Magnet Pull","Electric","Steel","Magnezone - Level Up at Chargestone Cave",NA
86,"#083","Farfetch'd",55,110,65,75,65,100,470,"Defeatist",NA,NA,"Fighting","Flying",NA,NA
87,"#084","Doduo",35,85,45,35,35,75,310,"Tangled Feet","Early Bird","Tangled Feet","Normal","Flying","Dodrio - Level 31",NA
88,"#085","Dodrio",60,110,70,60,60,110,470,"Anger Point","Early Bird","Tangled Feet","Normal","Flying",NA,NA
89,"#086","Seel",65,45,55,45,70,45,325,"Thick Fat","Hydration","Ice Body","Water",NA,"Dewgong - Level 34",NA
90,"#087","Dewgong",90,90,80,70,95,70,495,"Thick Fat","Hydration","Ice Body","Water","Ice",NA,NA
91,"#088","Grimer",80,80,50,40,70,25,345,"Poison Touch","Stench","Poison Touch","Poison",NA,"Muk - Level 35",NA
92,"#089","Muk",105,105,75,65,100,50,500,"Poison Touch","Stench","Poison Touch","Poison",NA,NA,NA
93,"#090","Shellder",30,65,100,45,25,40,305,"Shell Armor","Skill Link","Overcoat","Water","Ice","Cloyster - Water Stone",NA
94,"#091","Cloyster",50,95,180,85,45,70,525,"Shell Armor","Skill Link","Overcoat","Water","Ice",NA,NA
95,"#092","Gastly",30,35,30,100,35,80,310,"Levitate","Cursed Body","Levitate","Ghost","Poison","Haunter - Level 25",NA
96,"#093","Haunter",45,50,45,115,55,95,405,"Levitate","Cursed Body","Levitate","Ghost","Poison","Gengar - Use Link Cable",NA
97,"#094","Gengar",60,65,60,130,75,110,500,"Levitate","Cursed Body","Levitate","Ghost","Poison",NA,NA
98,"#095","Onix",55,85,160,30,45,90,465,"Weak Armor","Sturdy","Rock Head","Rock","Ground","Steelix - Use Metal Coat",NA
99,"#096","Drowzee",70,48,45,45,90,42,340,"Bad Dreams","Insomnia","Forewarn","Psychic",NA,"Hypno - Level 26",NA
100,"#097","Hypno",92,73,70,73,115,62,485,"Bad Dreams","Insomnia","Forewarn","Psychic",NA,NA,NA
101,"#098","Krabby",30,105,90,25,25,50,325,"Sheer Force","Shell Armor","Sheer Force","Water",NA,"Kingler - Level 28",NA
102,"#099","Kingler",55,130,115,50,50,75,475,"Sheer Force","Shell Armor","Sheer Force","Water",NA,NA,NA
103,"#100","Voltorb",40,30,50,65,65,100,350,"Soundproof","Static","Aftermath","Electric",NA,"Electrode - Level 30",NA
104,"#101","Electrode",60,50,70,80,80,150,490,"Soundproof","Static","Aftermath","Electric",NA,NA,NA
105,"#102","Exeggcute",60,40,80,60,45,40,325,"Chlorophyll","Harvest","Harvest","Grass","Psychic","Exeggutor - Leaf Stone",NA
106,"#103","Exeggutor",95,95,85,125,75,55,530,"Chlorophyll","Harvest","Harvest","Grass","Psychic",NA,NA
107,"#104","Cubone",50,50,95,40,50,35,320,"Battle Armor","Lightning Rod","Rock Head","Ground",NA,"Marowak - Level 27","No longer found carrying a Thick Club"
108,"#105","Marowak",60,80,110,50,80,45,425,"Battle Armor","Lightning Rod","Rock Head","Ground",NA,NA,NA
109,"#106","Hitmonlee",50,120,53,35,110,87,455,"Unburden","Reckless","Limber","Fighting",NA,NA,NA
110,"#107","Hitmonchan",50,105,79,35,110,76,455,"Iron Fist","Keen Eye","Inner Focus","Fighting",NA,NA,NA
111,"#108","Lickitung",90,55,75,60,75,85,440,"Cloud Nine","Gluttony","Cloud Nine","Normal",NA,"Lickilicky - Level Up knowing Rollout",NA
112,"#109","Koffing",40,65,95,60,45,35,340,"Levitate",NA,"Stench","Poison",NA,"Weezing - Level 35",NA
113,"#110","Weezing",65,90,120,85,70,60,490,"Levitate",NA,"Stench","Poison",NA,NA,NA
114,"#111","Rhyhorn",80,85,95,30,30,25,345,"Lightning Rod","Rock Head","Reckless","Ground","Rock","Rhydon - Level 36",NA
115,"#112","Rhydon",105,130,120,45,30,40,470,"Lightning Rod","Rock Head","Reckless","Ground","Rock","Rhyperior - Use Protector",NA
116,"#113","Chansey",250,5,5,35,105,50,450,"Natural Cure","Serene Grace","Healer","Normal",NA,"Blissey - Happiness 220",NA
117,"#114","Tangela",65,55,115,100,40,60,435,"Regenerator","Leaf Guard","Regenerator","Grass",NA,"Tangrowth - Level Up knowing Ancient Power",NA
118,"#115","Kangaskhan",105,95,80,40,80,90,490,"Early Bird","Scrappy","Inner Focus","Normal",NA,NA,NA
119,"#116","Horsea",30,40,70,70,25,60,295,"Swift Swim","Sniper","Damp","Water",NA,"Seadra - Level 32",NA
120,"#117","Seadra",55,65,95,95,45,85,440,"Poison Point","Sniper","Damp","Water",NA,"Kingdra - Use Dragon Scale",NA
121,"#118","Goldeen",45,77,60,25,50,73,330,"Lightning Rod","Swift Swim","Water Veil","Water",NA,"Seaking - Level 33",NA
122,"#119","Seaking",80,112,65,55,80,83,475,"Lightning Rod","Swift Swim","Water Veil","Water",NA,NA,NA
123,"#120","Staryu",30,45,55,70,55,85,340,"Regenerator","Natural Cure","Analytic","Water",NA,"Starmie - Water Stone",NA
124,"#121","Starmie",60,75,85,100,85,115,520,"Analytic","Natural Cure","Analytic","Water","Psychic",NA,NA
125,"#122","Mr. Mime",40,35,65,110,120,95,465,"Technician","Filter","Technician","Psychic","Fairy",NA,NA
126,"#123","Scyther",70,110,80,55,80,105,500,"Swarm","Technician","Steadfast","Bug","Flying","Scizor - Use Metal Coat",NA
127,"#124","Jynx",75,43,65,125,96,96,500,"Trace","Dry Skin","Dry Skin","Ice","Psychic",NA,NA
128,"#125","Electabuzz",65,83,57,95,85,105,490,"Static","Vital Spirit","Vital Spirit","Electric",NA,"Electivire - Use Electrizer",NA
129,"#126","Magmar",65,95,57,100,85,93,495,"Flame Body","Vital Spirit","Vital Spirit","Fire",NA,"Magmortar - Use Magmarizer",NA
130,"#127","Pinsir",65,125,100,55,70,85,500,"Moxie","Mold Breaker","Moxie","Bug",NA,NA,NA
131,"#128","Tauros",75,110,95,40,70,110,500,"Intimidate","Sheer Force","Anger Point","Normal",NA,NA,NA
132,"#129","Magikarp",20,10,55,15,20,80,200,"Swift Swim","Rattled","Rattled","Water",NA,"Gyarados - Level 20",NA
133,"#130","Gyarados",95,125,79,60,100,81,540,"Intimidate","Moxie","Moxie","Water","Flying",NA,NA
134,"#131","Lapras",130,85,80,85,95,60,535,"Water Absorb","Shell Armor","Hydration","Water","Ice",NA,NA
135,"#132","Ditto",48,48,48,48,48,48,288,"Imposter",NA,NA,"Normal",NA,NA,NA
136,"#133","Eevee",55,55,50,45,65,55,325,"Adaptability","Run Away","Anticipation","Normal",NA,"Vaporeon - Water Stone, Jolteon - Thunder Stone, Flareon - Fire Stone, Espeon - Sun Stone, Umbreon - Moon Stone, Leafeon - Leaf Stone, Glaceon - Ice Stone",NA
143,"#134","Vaporeon",130,65,60,110,95,65,525,"Water Absorb","Hydration","Hydration","Water",NA,NA,NA
144,"#135","Jolteon",65,65,60,110,95,130,525,"Volt Absorb","Quick Feet","Quick Feet","Electric",NA,NA,NA
145,"#136","Flareon",65,130,60,65,110,95,525,"Flash Fire","Guts","Guts","Fire",NA,NA,NA
146,"#137","Porygon",65,60,70,85,75,40,395,"Trace","Download","Analytic","Normal",NA,"Porygon2 - Use Up-Grade",NA
147,"#138","Omanyte",35,40,100,90,55,35,355,"Swift Swim","Shell Armor","Weak Armor","Rock","Water","Omastar - Level 30",NA
148,"#139","Omastar",70,60,125,115,70,55,495,"Swift Swim","Shell Armor","Weak Armor","Rock","Water",NA,NA
149,"#140","Kabuto",30,80,90,55,45,55,355,"Swift Swim","Battle Armor","Weak Armor","Rock","Water","Kabutops - Level 30",NA
150,"#141","Kabutops",60,115,105,65,70,80,495,"Swift Swim","Battle Armor","Weak Armor","Rock","Water",NA,NA
151,"#142","Aerodactyl",80,105,65,60,75,130,515,"Rock Head","Pressure","Unnerve","Rock","Flying",NA,NA
152,"#143","Snorlax",160,110,65,65,110,30,540,"Immunity","Thick Fat","Gluttony","Normal",NA,NA,NA
153,"#144","Articuno",90,85,100,95,125,85,580,"Pressure","Snow Warning","Snow Cloak","Ice","Flying",NA,NA
154,"#145","Zapdos",90,90,85,125,90,100,580,"Pressure",NA,"Static","Electric","Flying",NA,NA
155,"#146","Moltres",90,100,90,125,85,90,580,"Pressure",NA,"Flame Body","Fire","Flying",NA,NA
156,"#147","Dratini",41,64,45,50,50,50,300,"Shed Skin","Marvel Scale","Marvel Scale","Dragon",NA,"Dragonair - Level 30",NA
157,"#148","Dragonair",61,84,65,70,70,70,420,"Shed Skin","Marvel Scale","Marvel Scale","Dragon",NA,"Dragonite - Level 55",NA
158,"#149","Dragonite",91,134,95,100,100,80,600,"Inner Focus","Multiscale","Multiscale","Dragon","Flying",NA,NA
159,"#150","Mewtwo",106,110,90,154,90,130,680,"Pressure",NA,"Unnerve","Psychic",NA,NA,NA
160,"#151","Mew",100,100,100,100,100,100,600,"Synchronize","Magic Guard","Magic Bounce","Psychic",NA,NA,NA
161,"#152","Chikorita",45,49,65,49,65,45,318,"Serene Grace","Overgrow","Leaf Guard","Grass",NA,"Bayleef - Level 16",NA
162,"#153","Bayleef",60,62,80,63,80,60,405,"Serene Grace","Overgrow","Leaf Guard","Grass","Fairy","Meganium - Level 32",NA
163,"#154","Meganium",80,82,100,93,100,80,535,"Serene Grace","Overgrow","Leaf Guard","Grass","Fairy",NA,NA
164,"#155","Cyndaquil",39,52,43,60,50,65,309,"Flash Fire","Blaze","Flash Fire","Fire",NA,"Quilava - Level 14",NA
165,"#156","Quilava",58,64,58,80,65,80,405,"Flash Fire","Blaze","Flash Fire","Fire",NA,"Typhlosion - Level 36",NA
166,"#157","Typhlosion",78,84,78,110,85,100,535,"Flash Fire","Blaze","Flash Fire","Fire",NA,NA,NA
167,"#158","Totodile",50,65,64,44,48,43,314,"Sheer Force","Torrent","Sheer Force","Water",NA,"Croconaw - Level 18",NA
168,"#159","Croconaw",75,80,80,49,68,53,405,"Sheer Force","Torrent","Sheer Force","Water",NA,"Feraligatr - Level 30",NA
169,"#160","Feraligatr",85,110,100,69,83,88,535,"Sheer Force","Torrent","Sheer Force","Water",NA,NA,NA
170,"#161","Sentret",45,50,35,35,45,70,280,"Quick Feet","Keen Eye","Run Away","Normal",NA,"Furret - Level 15",NA
171,"#162","Furret",90,85,65,45,55,105,445,"Quick Feet","Hustle","Run Away","Normal",NA,NA,NA
172,"#163","Hoothoot",60,30,30,36,56,50,262,"Tinted Lens","Insomnia","Keen Eye","Normal","Flying","Noctowl - Level 20",NA
173,"#164","Noctowl",100,50,50,86,96,70,452,"Tinted Lens","Insomnia","Keen Eye","Psychic","Flying",NA,NA
174,"#165","Ledyba",40,60,30,45,80,55,310,"Rattled","Iron Fist","Swarm","Bug","Flying","Ledian - Level 18",NA
175,"#166","Ledian",60,90,50,55,110,85,450,"Rattled","Iron Fist","Swarm","Bug","Flying",NA,NA
176,"#167","Spinarak",40,70,40,40,40,50,280,"Sniper","Insomnia","Sniper","Bug","Poison","Ariados - Level 22",NA
177,"#168","Ariados",70,110,70,50,70,80,450,"Sniper","Insomnia","Sniper","Bug","Poison",NA,NA
178,"#169","Crobat",85,90,80,70,80,130,535,"Inner Focus","Infiltrator","Infiltrator","Poison","Flying",NA,NA
179,"#170","Chinchou",75,38,38,56,56,67,330,"Volt Absorb","Water Absorb","Illuminate","Water","Electric","Lanturn - Level 27",NA
180,"#171","Lanturn",125,58,58,91,86,67,485,"Volt Absorb","Water Absorb","Illuminate","Water","Electric",NA,NA
181,"#172","Pichu",20,40,15,35,35,60,205,"Static","Lightning Rod","Lightning Rod","Electric",NA,"Pikachu - Happiness 220",NA
182,"#173","Cleffa",50,25,28,45,55,15,218,"Cute Charm","Magic Guard","Friend Guard","Fairy",NA,"Clefairy - Happiness 220",NA
183,"#174","Igglybuff",90,30,15,40,20,15,210,"Cute Charm","Friend Guard","Friend Guard","Normal","Fairy","Jigglypuff - Happiness 220",NA
184,"#175","Togepi",35,20,65,40,65,20,245,"Super Luck","Serene Grace","Super Luck","Fairy",NA,"Togetic - Happiness 220",NA
185,"#176","Togetic",55,40,85,80,105,40,405,"Super Luck","Serene Grace","Super Luck","Fairy","Flying","Togekiss - Shiny Stone",NA
186,"#177","Natu",40,50,45,70,45,70,320,"Synchronize","Magic Bounce","Magic Bounce","Psychic","Flying","Xatu - Level 25",NA
187,"#178","Xatu",65,65,70,105,80,95,480,"Synchronize","Magic Bounce","Magic Bounce","Psychic","Flying",NA,NA
188,"#179","Mareep",55,40,45,65,45,35,285,"Static","Overcoat","Plus","Electric",NA,"Flaaffy - Level 15",NA
189,"#180","Flaaffy",75,55,60,85,60,45,380,"Static","Overcoat","Plus","Electric",NA,"Ampharos - Level 30",NA
190,"#181","Ampharos",95,80,90,115,90,55,525,"Static","Overcoat","Plus","Electric","Dragon",NA,NA
191,"#182","Bellossom",75,80,85,90,100,50,480,"Chlorophyll","Cloud Nine","Healer","Grass",NA,NA,NA
192,"#183","Marill",70,20,50,40,50,40,270,"Huge Power","Thick Fat","Sap Sipper","Water","Fairy","Azumarill - Level 21",NA
193,"#184","Azumarill",100,50,80,80,80,50,440,"Huge Power","Thick Fat","Sap Sipper","Water","Fairy",NA,NA
194,"#185","Sudowoodo",90,115,125,30,75,30,465,"Sturdy","Rock Head","Rattled","Rock",NA,NA,NA
195,"#186","Politoed",90,75,75,90,100,70,500,"Water Absorb","Drizzle","Drizzle","Water",NA,NA,NA
196,"#187","Hoppip",35,35,40,45,55,70,280,"Prankster","Leaf Guard","Infiltrator","Grass","Flying","Skiploom - Level 18",NA
197,"#188","Skiploom",55,45,50,55,65,90,360,"Prankster","Leaf Guard","Infiltrator","Grass","Flying","Jumpluff - Level 27",NA
198,"#189","Jumpluff",75,55,70,75,85,110,470,"Prankster","Leaf Guard","Infiltrator","Grass","Flying",NA,NA
199,"#190","Aipom",55,70,55,40,55,85,360,"Skill Link","Technician","Pickup","Normal",NA,"Ambipom - Level Up knowing Double Hit",NA
200,"#191","Sunkern",50,30,50,30,50,30,240,"Chlorophyll","Solar Power","Chlorophyll","Grass",NA,"Sunflora - Sun Stone",NA
201,"#192","Sunflora",75,75,85,125,85,30,475,"Drought","Solar Power","Early Bird","Grass",NA,NA,NA
202,"#193","Yanma",65,65,45,75,45,95,390,"Speed Boost","Compound Eyes","Frisk","Bug","Flying","Yanmega - Level Up knowing Ancient Power",NA
203,"#194","Wooper",55,55,55,25,25,15,230,"Water Absorb","Unaware","Damp","Water","Ground","Quagsire - Level 20",NA
204,"#195","Quagsire",95,95,95,65,65,35,450,"Water Absorb","Unaware","Damp","Water","Ground",NA,NA
205,"#196","Espeon",65,65,60,130,95,110,525,"Synchronize","Magic Bounce","Magic Bounce","Psychic",NA,NA,NA
206,"#197","Umbreon",95,65,110,60,130,65,525,"Synchronize","Poison Touch","Poison Touch","Dark",NA,NA,NA
207,"#198","Murkrow",60,85,42,85,42,91,405,"Prankster","Super Luck","Prankster","Dark","Flying","Honchkrow - Dusk Stone",NA
208,"#199","Slowking",95,75,80,100,110,30,490,"Regenerator","Own Tempo","Regenerator","Water","Psychic",NA,NA
209,"#200","Misdreavus",60,60,60,85,85,85,435,"Infiltrator",NA,NA,"Ghost","Fairy","Mismagius - Dusk Stone",NA
210,"#201","Unown",48,72,48,102,48,78,396,"Levitate",NA,NA,"Psychic",NA,NA,"Catch Rate - 225 -> 255"
211,"#202","Wobbuffet",190,33,58,33,58,33,405,"Shadow Tag","Telepathy","Telepathy","Psychic",NA,NA,NA
212,"#203","Girafarig",70,90,65,95,65,90,475,"Sap Sipper","Rattled","Sap Sipper","Normal","Psychic",NA,NA
213,"#204","Pineco",50,65,90,35,35,15,290,"Sturdy","Overcoat","Overcoat","Bug",NA,"Forretress - Level 31",NA
214,"#205","Forretress",75,90,140,60,60,40,465,"Sturdy","Overcoat","Overcoat","Bug","Steel",NA,NA
215,"#206","Dunsparce",100,90,95,55,65,45,450,"Serene Grace","Run Away","Rattled","Normal",NA,NA,NA
216,"#207","Gligar",65,75,105,35,65,85,430,"Hyper Cutter","Immunity","Immunity","Ground","Flying","Gliscor - Use Razor Fang",NA
217,"#208","Steelix",75,105,200,45,65,30,520,"Sheer Force","Sturdy","Rock Head","Steel","Ground",NA,NA
218,"#209","Snubbull",60,80,50,40,40,30,300,"Intimidate","Run Away","Rattled","Fighting","Fairy","Granbull - Level 23",NA
219,"#210","Granbull",90,120,75,60,60,45,450,"Intimidate","Quick Feet","Rattled","Fighting","Fairy",NA,NA
220,"#211","Qwilfish",65,95,95,45,55,95,450,"Intimidate","Swift Swim","Poison Point","Water","Poison",NA,NA
221,"#212","Scizor",70,130,100,55,80,65,500,"Swarm","Technician","Light Metal","Bug","Steel",NA,NA
222,"#213","Shuckle",20,10,230,10,230,5,505,"Sturdy","Contrary","Gluttony","Bug","Rock",NA,NA
223,"#214","Heracross",80,125,75,40,95,85,500,"Moxie","Skill Link","Guts","Bug","Fighting",NA,NA
224,"#215","Sneasel",55,95,55,35,75,115,430,"Inner Focus","Keen Eye","Pickpocket","Dark","Ice","Weavile - Level Up holding Razor Claw at Night",NA
225,"#216","Teddiursa",60,80,50,50,50,40,330,"Pickup","Quick Feet","Honey Gather","Normal","Ground","Ursaring - Level 30",NA
226,"#217","Ursaring",90,130,75,75,75,55,500,"Guts","Quick Feet","Unnerve","Normal","Ground",NA,NA
227,"#218","Slugma",50,50,50,80,50,20,300,"Magma Armor","Flame Body","Weak Armor","Fire","Rock","Magcargo - Level 30",NA
228,"#219","Magcargo",60,50,140,120,100,30,500,"Solid Rock","Flame Body","Weak Armor","Fire","Rock",NA,NA
229,"#220","Swinub",50,50,40,30,30,50,250,"Thick Fat","Snow Cloak","Oblivious","Ice","Ground","Piloswine - Level 33",NA
230,"#221","Piloswine",100,100,80,60,60,50,450,"Thick Fat","Snow Cloak","Oblivious","Ice","Ground","Mamoswine - Level Up knowing Ancient Power",NA
231,"#222","Corsola",65,45,115,90,115,35,465,"Regenerator","Natural Cure","Hustle","Water","Rock",NA,NA
232,"#223","Remoraid",35,65,35,65,35,65,300,"Hustle","Sniper","Moody","Water",NA,"Octillery - Level 25",NA
233,"#224","Octillery",75,115,75,115,75,45,500,"Mold Breaker","Sniper","Suction Cups","Water",NA,NA,NA
234,"#225","Delibird",55,95,65,65,65,95,440,"Technician","Sheer Force","Insomnia","Ice","Flying",NA,NA
235,"#226","Mantine",85,40,70,80,140,70,485,"Swift Swim","Water Absorb","Water Veil","Water","Flying",NA,NA
236,"#227","Skarmory",65,80,140,40,70,70,465,"Keen Eye","Sturdy","Weak Armor","Steel","Flying",NA,NA
237,"#228","Houndour",45,60,30,80,50,65,330,"Flash Fire","Intimidate","Unnerve","Dark","Fire","Houndoom - Level 24",NA
238,"#229","Houndoom",75,90,50,110,80,95,500,"Flash Fire","Intimidate","Unnerve","Dark","Fire",NA,NA
239,"#230","Kingdra",75,95,95,95,95,85,540,"Swift Swim","Sniper","Damp","Water","Dragon",NA,NA
240,"#231","Phanpy",90,60,60,40,40,40,330,"Pickup",NA,"Sand Veil","Ground",NA,"Donphan - Level 25",NA
241,"#232","Donphan",90,120,120,60,60,50,500,"Sturdy",NA,"Sand Veil","Ground",NA,NA,NA
242,"#233","Porygon2",85,80,90,105,95,60,515,"Trace","Download","Analytic","Normal",NA,"Porygon-Z - Use Dubious Disc",NA
243,"#234","Stantler",73,95,62,95,75,85,485,"Sap Sipper","Frisk","Intimidate","Normal",NA,NA,NA
244,"#235","Smeargle",55,20,35,20,45,75,250,"Own Tempo","Technician","Moody","Normal",NA,NA,NA
245,"#236","Tyrogue",35,35,35,35,35,35,210,"Guts","Steadfast","Vital Spirit","Fighting",NA,"Hitmonlee - Level 20 (Atk > Def), HItmonchan - Level 20 (Atk < Def), Hitmontop - Level 20 (Atk = Def)",NA
248,"#237","Hitmontop",50,95,95,35,110,70,455,"Intimidate","Technician","Steadfast","Fighting",NA,NA,NA
249,"#238","Smoochum",50,37,37,90,65,80,359,"Dry Skin","Forewarn","Oblivious","Ice","Psychic","Jynx - Level 30",NA
250,"#239","Elekid",45,63,37,65,55,95,360,"Static","Vital Spirit","Vital Spirit","Electric",NA,"Electabuzz - Level 29","No longer found carrying an Electrizer"
251,"#240","Magby",45,75,37,70,55,83,365,"Flame Body","Vital Spirit","Vital Spirit","Fire",NA,"Magmar - Level 29","No longer found carrying a Magmarizer"
252,"#241","Miltank",95,80,105,40,70,110,500,"Thick Fat","Scrappy","Sap Sipper","Normal",NA,NA,NA
253,"#242","Blissey",255,10,10,75,135,55,540,"Natural Cure","Serene Grace","Healer","Normal",NA,NA,NA
254,"#243","Raikou",90,85,75,115,100,115,580,"Pressure",NA,"Inner Focus","Electric",NA,NA,NA
255,"#244","Entei",115,115,85,90,75,100,580,"Pressure",NA,"Inner Focus","Fire",NA,NA,NA
256,"#245","Suicune",100,75,115,90,115,85,580,"Pressure",NA,"Inner Focus","Water",NA,NA,NA
257,"#246","Larvitar",50,64,50,45,50,41,300,"Guts","Hustle","Sand Veil","Rock","Ground","Pupitar - Level 30",NA
258,"#247","Pupitar",70,84,70,65,70,51,410,"Shed Skin","Shell Armor","Shed Skin","Rock","Ground","Tyranitar - Level 55",NA
259,"#248","Tyranitar",100,134,110,95,100,61,600,"Sand Stream","Battle Armor","Unnerve","Rock","Dark",NA,NA
260,"#249","Lugia",106,90,130,90,154,110,680,"Pressure",NA,"Multiscale","Psychic","Flying",NA,NA
261,"#250","HoOh",106,130,90,110,154,90,680,"Pressure",NA,"Regenerator","Fire","Flying",NA,NA
262,"#251","Celebi",100,100,100,100,100,100,600,"Natural Cure",NA,NA,"Psychic","Grass",NA,NA
263,"#252","Treecko",40,45,35,65,55,70,310,"Unburden","Overgrow","Unburden","Grass",NA,"Grovyle - Level 16",NA
264,"#253","Grovyle",50,65,45,85,65,95,405,"Unburden","Overgrow","Unburden","Grass",NA,"Sceptile - Level 36",NA
265,"#254","Sceptile",70,105,67,85,88,120,535,"Unburden","Overgrow","Unburden","Grass","Dragon",NA,NA
266,"#255","Torchic",45,60,40,70,50,45,310,"Quick Feet","Blaze","Quick Feet","Fire",NA,"Combusken - Level 16",NA
267,"#256","Combusken",60,85,60,85,60,55,405,"Quick Feet","Blaze","Quick Feet","Fire","Fighting","Blaziken - Level 36",NA
268,"#257","Blaziken",80,120,65,110,65,95,535,"Reckless","Blaze","Reckless","Fire","Fighting",NA,NA
269,"#258","Mudkip",50,70,50,50,50,40,310,"Water Veil","Torrent","Damp","Water",NA,"Marshtomp - Level 16",NA
270,"#259","Marshtomp",70,85,70,60,70,50,405,"Water Veil","Torrent","Damp","Water","Ground","Swampert - Level 36",NA
271,"#260","Swampert",100,110,90,85,90,60,535,"Water Veil","Torrent","Damp","Water","Ground",NA,NA
272,"#261","Poochyena",35,65,35,30,30,55,250,"Rattled","Run Away","Quick Feet","Dark",NA,"Mightyena - Level 18",NA
273,"#262","Mightyena",70,110,70,60,60,90,460,"Intimidate","Moxie","Quick Feet","Dark",NA,NA,NA
274,"#263","Zigzagoon",38,40,41,30,41,60,250,"Pickup","Gluttony","Quick Feet","Normal",NA,"Linoone - Level 20",NA
275,"#264","Linoone",85,85,60,60,60,100,450,"Pickup","Gluttony","Quick Feet","Normal",NA,NA,NA
276,"#265","Wurmple",45,45,35,20,30,20,195,"Shield Dust","Run Away","Run Away","Bug",NA,"Silcoon - Level 7 (PV High), Cascoon - Level 7 (PV Low)",NA
278,"#266","Silcoon",50,35,55,25,25,15,205,"Shell Armor","Shed Skin","Shed Skin","Bug",NA,"Beautifly - Level 10",NA
279,"#267","Beautifly",60,70,57,120,58,85,450,"Rivalry","Swarm","Rivalry","Bug","Flying",NA,NA
280,"#268","Cascoon",50,35,55,25,25,15,205,"Shell Armor","Shed Skin","Shed Skin","Bug",NA,"Dustox - Level 10",NA
281,"#269","Dustox",60,50,80,80,110,80,460,"Compound Eyes","Shield Dust","Compound Eyes","Bug","Poison",NA,NA
282,"#270","Lotad",40,30,30,40,50,30,220,"Swift Swim","Rain Dish","Own Tempo","Water","Grass","Lombre - Level 14",NA
283,"#271","Lombre",60,50,50,60,70,50,340,"Swift Swim","Rain Dish","Own Tempo","Water","Grass","Ludicolo - Water Stone",NA
284,"#272","Ludicolo",80,70,70,90,100,70,480,"Swift Swim","Rain Dish","Own Tempo","Water","Grass",NA,NA
285,"#273","Seedot",40,40,50,30,30,30,220,"Chlorophyll","Rattled","Early Bird","Grass",NA,"Nuzleaf - Level 14",NA
286,"#274","Nuzleaf",70,70,40,60,40,60,340,"Chlorophyll","Rattled","Pickpocket","Grass","Dark","Shiftry - Leaf Stone",NA
287,"#275","Shiftry",90,100,60,90,60,80,480,"Chlorophyll","Rattled","Pickpocket","Grass","Dark",NA,NA
288,"#276","Taillow",40,55,30,30,30,85,270,"Early Bird","Scrappy","Scrappy","Normal","Flying","Swellow - Level 22",NA
289,"#277","Swellow",60,85,60,85,50,125,465,"Guts","Scrappy","Scrappy","Normal","Flying",NA,NA
290,"#278","Wingull",40,30,30,55,30,85,270,"Hydration","Rain Dish","Keen Eye","Water","Flying","Pelipper - Level 25",NA
291,"#279","Pelipper",60,50,110,95,80,65,460,"Drizzle","Rain Dish","Keen Eye","Water","Flying",NA,NA
292,"#280","Ralts",28,25,25,65,55,40,238,"Synchronize","Trace","Telepathy","Psychic","Fairy","Kirlia - Level 20",NA
293,"#281","Kirlia",38,35,35,85,75,50,318,"Synchronize","Trace","Telepathy","Psychic","Fairy","Gardevoir - Level 30, Gallade - Dawn Stone (Male Kirlia)",NA
295,"#282","Gardevoir",68,65,65,125,115,80,518,"Synchronize","Trace","Telepathy","Psychic","Fairy",NA,NA
296,"#283","Surskit",40,30,30,55,55,65,275,"Swift Swim","Rain Dish","Rain Dish","Bug","Water","Masquerain - Level 22",NA
297,"#284","Masquerain",70,60,55,100,100,100,485,"Intimidate",NA,"Unnerve","Bug","Water",NA,NA
298,"#285","Shroomish",60,40,60,40,60,35,295,"Effect Spore","Poison Heal","Quick Feet","Grass",NA,"Breloom - Level 21",NA
299,"#286","Breloom",60,130,80,60,60,70,460,"Technician","Poison Heal","Technician","Grass","Fighting",NA,NA
300,"#287","Slakoth",60,60,60,35,35,30,280,"Truant","Slow Start","Truant","Normal",NA,"Vigoroth - Level 18",NA
301,"#288","Vigoroth",80,80,80,55,55,90,440,"Vital Spirit","Sheer Force","Vital Spirit","Normal",NA,"Slaking - Level 36",NA
302,"#289","Slaking",150,160,100,95,65,100,670,"Truant","Slow Start","Truant","Normal",NA,NA,NA
303,"#290","Nincada",31,45,90,30,30,40,266,"Compound Eyes","Run Away","Run Away","Bug","Ground","Ninjask - Level 20, Shedinja - Level 20 (Free Space in Party)",NA
305,"#291","Ninjask",61,90,45,50,50,160,456,"Speed Boost","Infiltrator","Infiltrator","Bug","Flying",NA,NA
306,"#292","Shedinja",1,90,45,30,30,40,236,"Wonder Guard",NA,NA,"Bug","Ghost",NA,NA
307,"#293","Whismur",64,51,23,51,23,28,240,"Soundproof","Scrappy","Rattled","Normal",NA,"Loudred - Level 20",NA
308,"#294","Loudred",84,71,43,71,43,48,360,"Soundproof","Scrappy","Rattled","Normal",NA,"Exploud - Level 40",NA
309,"#295","Exploud",104,101,63,101,73,78,520,"Soundproof","Scrappy","Rattled","Normal",NA,NA,NA
310,"#296","Makuhita",75,65,35,20,35,25,255,"Thick Fat","Guts","Sheer Force","Fighting",NA,"Hariyama - Level 24",NA
311,"#297","Hariyama",144,120,60,40,60,50,474,"Thick Fat","Guts","Sheer Force","Fighting",NA,NA,NA
312,"#298","Azurill",50,20,40,30,40,20,200,"Huge Power","Thick Fat","Sap Sipper","Normal","Fairy","Marill - Happiness 220",NA
313,"#299","Nosepass",30,35,135,55,90,30,375,"Sturdy","Sand Force","Magnet Pull","Rock",NA,"Probopass - Level Up at Chargestone Cave","Base Exp - 75 -> 65"
314,"#300","Skitty",50,50,50,40,40,60,290,"Wonder Skin","Normalize","Wonder Skin","Normal",NA,"Delcatty - Level 25",NA
315,"#301","Delcatty",70,95,65,85,75,95,485,"Wonder Skin","Normalize","Wonder Skin","Normal",NA,NA,NA
316,"#302","Sableye",50,85,95,85,85,50,450,"Prankster","Stall","Keen Eye","Dark","Ghost",NA,NA
317,"#303","Mawile",50,85,115,65,84,51,450,"Huge Power","Intimidate","Sheer Force","Steel","Fairy",NA,NA
318,"#304","Aron",50,70,100,40,40,30,330,"Filter","Rock Head","Sturdy","Steel","Rock","Lairon - Level 24",NA
319,"#305","Lairon",60,90,140,50,50,40,430,"Filter","Rock Head","Sturdy","Steel","Rock","Aggron - Level 40",NA
320,"#306","Aggron",70,110,160,50,80,60,530,"Filter","Rock Head","Sturdy","Steel","Rock",NA,NA
321,"#307","Meditite",30,50,55,50,55,60,300,"Pure Power",NA,"Telepathy","Fighting","Psychic","Medicham - Level 34",NA
322,"#308","Medicham",60,65,80,75,80,90,450,"Pure Power",NA,"Telepathy","Fighting","Psychic",NA,NA
323,"#309","Electrike",40,45,40,65,40,65,295,"Intimidate","Static","Lightning Rod","Electric",NA,"Manectric - Level 26",NA
324,"#310","Manectric",70,75,60,105,60,105,475,"Intimidate","Static","Lightning Rod","Electric",NA,NA,NA
325,"#311","Plusle",60,50,50,95,85,110,450,"Plus","Lightning Rod","Lightning Rod","Electric",NA,NA,NA
326,"#312","Minun",60,50,50,85,95,110,450,"Minus","Volt Absorb","Volt Absorb","Electric",NA,NA,NA
327,"#313","Volbeat",65,33,65,107,85,100,455,"Prankster","Tinted Lens","Illuminate","Bug","Electric",NA,NA
328,"#314","Illumise",70,33,85,87,95,100,470,"Prankster","Tinted Lens","Oblivious","Bug","Fairy",NA,NA
329,"#315","Roselia",50,60,45,100,80,65,400,"Natural Cure","Poison Point","Leaf Guard","Grass","Poison","Roserade - Shiny Stone",NA
330,"#316","Gulpin",70,43,53,43,53,40,302,"Liquid Ooze","Sticky Hold","Gluttony","Poison",NA,"Swalot - Level 26",NA
331,"#317","Swalot",100,73,83,73,83,55,467,"Liquid Ooze","Sticky Hold","Gluttony","Poison",NA,NA,NA
332,"#318","Carvanha",45,90,20,65,20,65,305,"Rough Skin","Speed Boost","Speed Boost","Water","Dark","Sharpedo - Level 30",NA
333,"#319","Sharpedo",70,120,40,95,40,95,460,"Rough Skin","Speed Boost","Speed Boost","Water","Dark",NA,NA
334,"#320","Wailmer",130,70,35,70,35,60,400,"Water Veil","Pressure","Pressure","Water",NA,"Wailord - Level 40",NA
335,"#321","Wailord",200,90,45,90,45,60,530,"Water Veil","Pressure","Pressure","Water",NA,NA,NA
336,"#322","Numel",60,60,40,65,45,35,305,"Oblivious","Simple","Own Tempo","Fire","Ground","Camerupt - Level 33",NA
337,"#323","Camerupt",90,110,70,105,75,40,490,"Solid Rock","Simple","Anger Point","Fire","Ground",NA,NA
338,"#324","Torkoal",70,85,140,85,70,20,470,"Drought","Shell Armor","White Smoke","Fire",NA,NA,NA
339,"#325","Spoink",60,25,35,70,80,60,330,"Thick Fat","Own Tempo","Gluttony","Psychic",NA,"Grumpig - Level 32",NA
340,"#326","Grumpig",80,45,65,90,110,80,470,"Thick Fat","Own Tempo","Gluttony","Psychic",NA,NA,NA
341,"#327","Spinda",75,75,75,75,75,75,450,"Contrary","Tangled Feet","Contrary","Normal",NA,NA,NA
342,"#328","Trapinch",55,100,45,45,45,10,300,"Hyper Cutter","Sheer Force","Arena Trap","Bug","Ground","Vibrava - Level 30",NA
343,"#329","Vibrava",60,80,70,90,70,80,450,"Levitate",NA,NA,"Bug","Dragon","Flygon - Level 55",NA
344,"#330","Flygon",90,110,85,130,85,100,600,"Levitate",NA,NA,"Bug","Dragon",NA,NA
345,"#331","Cacnea",50,85,40,85,40,35,335,"Unnerve","Water Absorb","Water Absorb","Grass","Dark","Cacturne - Level 32",NA
346,"#332","Cacturne",70,115,60,115,60,55,475,"Unnerve","Water Absorb","Water Absorb","Grass","Dark",NA,NA
347,"#333","Swablu",65,50,60,50,75,50,350,"Natural Cure","Cloud Nine","Cloud Nine","Fairy","Flying","Altaria - Level 35",NA
348,"#334","Altaria",95,80,90,70,105,80,520,"Natural Cure","Cloud Nine","Cloud Nine","Dragon","Fairy",NA,NA
349,"#335","Zangoose",75,115,60,60,60,95,465,"Immunity","Immunity","Toxic Boost","Normal",NA,NA,NA
350,"#336","Seviper",75,115,60,80,60,75,465,"Shed Skin","Infiltrator","Infiltrator","Poison",NA,NA,NA
351,"#337","Lunatone",90,55,65,115,85,70,480,"Levitate",NA,NA,"Rock","Psychic",NA,NA
352,"#338","Solrock",90,115,85,55,65,70,480,"Levitate",NA,NA,"Rock","Psychic",NA,NA
353,"#339","Barboach",50,48,43,46,41,60,288,"Simple","Anticipation","Hydration","Water","Ground","Whiscash - Level 30",NA
354,"#340","Whiscash",110,93,88,76,73,60,500,"Simple","Anticipation","Hydration","Water","Ground",NA,NA
355,"#341","Corphish",43,80,65,50,35,35,308,"Adaptability","Hyper Cutter","Adaptability","Water",NA,"Crawdaunt - Level 30",NA
356,"#342","Crawdaunt",63,120,85,90,55,55,468,"Adaptability","Hyper Cutter","Adaptability","Water","Dark",NA,NA
357,"#343","Baltoy",40,40,55,40,70,55,300,"Levitate",NA,NA,"Ground","Psychic","Claydol - Level 36",NA
358,"#344","Claydol",60,70,105,70,120,75,500,"Levitate",NA,NA,"Ground","Psychic",NA,NA
359,"#345","Lileep",66,41,77,61,87,23,355,"Suction Cups","Storm Drain","Storm Drain","Rock","Grass","Cradily - Level 30","Base Exp - 71 -> 65"
360,"#346","Cradily",86,81,97,81,107,43,495,"Suction Cups","Storm Drain","Storm Drain","Rock","Grass",NA,NA
361,"#347","Anorith",45,95,50,40,50,75,355,"Battle Armor","Swift Swim","Swift Swim","Rock","Bug","Armaldo - Level 30","Base Exp - 71 -> 65"
362,"#348","Armaldo",75,125,100,70,80,45,495,"Battle Armor","Swift Swim","Swift Swim","Rock","Bug",NA,NA
363,"#349","Feebas",20,15,20,10,55,80,200,"Swift Swim",NA,"Adaptability","Water",NA,"Milotic - Use Prism Scale",NA
364,"#350","Milotic",95,60,79,100,125,81,540,"Marvel Scale",NA,"Cute Charm","Water",NA,NA,NA
365,"#351","Castform",60,70,60,100,70,90,450,"Forecast",NA,NA,"Normal",NA,NA,NA
366,"#352","Kecleon",60,100,70,60,120,40,450,"Color Change","Adaptability","Adaptability","Normal",NA,NA,NA
367,"#353","Shuppet",44,75,35,63,33,45,295,"Cursed Body","Frisk","Cursed Body","Ghost",NA,"Banette - Level 32",NA
368,"#354","Banette",64,125,65,93,63,65,475,"Cursed Body","Frisk","Cursed Body","Ghost","Normal",NA,NA
369,"#355","Duskull",20,40,90,30,90,25,295,"Levitate",NA,NA,"Ghost",NA,"Dusclops - Level 32",NA
370,"#356","Dusclops",40,70,130,60,130,25,455,"Pressure",NA,NA,"Ghost",NA,"Dusknoir - Use Reaper Cloth",NA
371,"#357","Tropius",99,98,83,82,87,51,500,"Chlorophyll","Solar Power","Harvest","Grass","Flying",NA,"Base Exp - 169 -> 219"
372,"#358","Chimecho",75,50,80,110,90,65,470,"Levitate",NA,NA,"Psychic",NA,NA,NA
373,"#359","Absol",65,130,60,85,60,85,485,"Justified","Super Luck","Pressure","Dark",NA,NA,NA
374,"#360","Wynaut",95,23,48,23,48,23,260,"Shadow Tag","Telepathy","Telepathy","Psychic",NA,"Wobbuffett - Level 15",NA
375,"#361","Snorunt",50,50,50,50,50,50,300,"Inner Focus","Ice Body","Moody","Ice",NA,"Glalie - Ice Stone, Froslass - Dawn Stone (Female Snorunt)",NA
377,"#362","Glalie",80,110,110,60,60,80,500,"Levitate",NA,NA,"Ice","Rock",NA,NA
378,"#363","Spheal",70,40,50,55,50,25,290,"Thick Fat","Ice Body","Oblivious","Ice","Water","Sealeo - Level 16",NA
379,"#364","Sealeo",90,60,70,75,70,45,410,"Thick Fat","Ice Body","Oblivious","Ice","Water","Walrein - Level 40",NA
380,"#365","Walrein",110,80,90,95,90,65,530,"Thick Fat","Ice Body","Oblivious","Ice","Water",NA,NA
381,"#366","Clamperl",35,64,85,74,55,32,345,"Shell Armor",NA,"Rattled","Water",NA,"Gorebyss - Use Deep Sea Scale, Huntail - Use Deep Sea Tooth",NA
383,"#367","Huntail",55,104,105,94,75,52,485,"Swift Swim",NA,"Water Veil","Water",NA,NA,NA
384,"#368","Gorebyss",55,84,105,114,75,52,485,"Swift Swim",NA,"Hydration","Water",NA,NA,NA
385,"#369","Relicanth",100,90,130,45,65,55,485,"Sturdy","Rock Head","Sturdy","Water","Rock",NA,NA
386,"#370","Luvdisc",53,30,65,90,65,117,420,"Swift Swim","Hydration","Hydration","Water","Fairy",NA,NA
387,"#371","Bagon",45,75,60,40,30,50,300,"Rock Head","Sheer Force","Sheer Force","Dragon",NA,"Shelgon - Level 30",NA
388,"#372","Shelgon",65,95,100,60,50,50,420,"Rock Head","Overcoat","Overcoat","Dragon",NA,"Salamence - Level 50",NA
389,"#373","Salamence",95,135,80,110,80,100,600,"Intimidate","Moxie","Moxie","Dragon","Flying",NA,NA
390,"#374","Beldum",40,55,80,35,60,30,300,"Clear Body","Rock Head","Heavy Metal","Steel","Psychic","Metang - Level 20","Catch Rate - 3 -> 45"
391,"#375","Metang",60,75,100,55,80,50,420,"Clear Body","Iron Fist","Heavy Metal","Steel","Psychic","Metagross - Level 45","Catch Rate - 3 -> 45"
392,"#376","Metagross",80,135,130,95,90,70,600,"Clear Body","Iron Fist","Heavy Metal","Steel","Psychic",NA,"Catch Rate - 3 -> 45"
393,"#377","Regirock",80,100,200,50,100,50,580,"Solid Rock","Sturdy","Clear Body","Rock",NA,NA,NA
394,"#378","Regice",80,50,100,100,200,50,580,"Filter","Ice Body","Clear Body","Ice",NA,NA,NA
395,"#379","Registeel",80,75,150,75,150,50,580,"Heatproof","Clear Body","Light Metal","Steel",NA,NA,NA
396,"#380","Latias",80,80,90,110,130,110,600,"Levitate",NA,NA,"Dragon","Psychic",NA,NA
397,"#381","Latios",80,90,80,130,110,110,600,"Levitate",NA,NA,"Dragon","Psychic",NA,NA
398,"#382","Kyogre",100,100,90,150,140,90,670,"Drizzle",NA,NA,"Water",NA,NA,NA
399,"#383","Groudon",100,150,140,100,90,90,670,"Drought",NA,NA,"Ground",NA,NA,NA
400,"#384","Rayquaza",105,150,90,150,90,95,680,"Air Lock",NA,NA,"Dragon","Flying",NA,NA
401,"#385","Jirachi",100,100,100,100,100,100,600,"Serene Grace",NA,NA,"Steel","Psychic",NA,NA
402,"#386","Deoxys",50,150,50,150,50,150,600,"Moody","Pressure",NA,"Psychic",NA,NA,NA
403,"#387","Turtwig",55,68,64,45,55,31,318,"Shell Armor","Overgrow","Shell Armor","Grass",NA,"Grotle - Level 18",NA
404,"#388","Grotle",75,89,85,55,65,36,405,"Rock Head","Overgrow","Shell Armor","Grass",NA,"Torterra - Level 32",NA
405,"#389","Torterra",105,109,110,65,85,61,535,"Rock Head","Overgrow","Shell Armor","Grass","Ground",NA,NA
406,"#390","Chimchar",44,58,44,58,44,61,309,"Iron Fist","Blaze","Iron Fist","Fire",NA,"Monferno - Level 14",NA
407,"#391","Monferno",64,78,52,78,52,81,405,"Iron Fist","Blaze","Iron Fist","Fire","Fighting","Infernape - Level 36",NA
408,"#392","Infernape",76,104,71,104,71,109,535,"Iron Fist","Blaze","Iron Fist","Fire","Fighting",NA,NA
409,"#393","Piplup",53,51,53,61,56,40,314,"Defiant","Torrent","Defiant","Water",NA,"Prinplup - Level 16",NA
410,"#394","Prinplup",64,66,68,81,76,50,405,"Defiant","Torrent","Defiant","Water",NA,"Empoleon - Level 36",NA
411,"#395","Empoleon",84,91,88,111,101,60,535,"Defiant","Torrent","Defiant","Water","Steel",NA,NA
412,"#396","Starly",40,55,30,30,30,60,245,"Reckless","Keen Eye","Reckless","Normal","Flying","Staravia - Level 14",NA
413,"#397","Staravia",55,75,50,40,40,80,340,"Reckless","Intimidate","Reckless","Normal","Flying","Staraptor - Level 34",NA
414,"#398","Staraptor",85,120,70,50,60,100,485,"Reckless","Intimidate","Reckless","Normal","Flying",NA,NA
415,"#399","Bidoof",59,45,40,35,40,31,250,"Simple","Unaware","Moody","Normal",NA,"Bibarel - Level 15",NA
416,"#400","Bibarel",84,95,65,55,65,71,435,"Simple","Unaware","Moody","Normal","Water",NA,NA
417,"#401","Kricketot",37,35,41,35,41,25,214,"Shed Skin","Run Away","Swarm","Bug",NA,"Kricketune - Level 10",NA
418,"#402","Kricketune",75,95,57,71,57,70,425,"Technician","Soundproof","Swarm","Bug",NA,NA,NA
419,"#403","Shinx",45,65,34,40,34,45,263,"Rivalry","Intimidate","Guts","Electric",NA,"Luxio - Level 15",NA
420,"#404","Luxio",60,85,49,60,49,60,363,"Rivalry","Intimidate","Guts","Electric",NA,"Luxray - Level 30",NA
421,"#405","Luxray",80,120,79,95,79,70,523,"Guts","Intimidate","Guts","Electric","Dark",NA,NA
422,"#406","Budew",40,30,35,50,70,55,280,"Natural Cure","Poison Point","Leaf Guard","Grass","Poison","Roselia - Happiness anytime",NA
423,"#407","Roserade",60,70,65,125,105,90,515,"Natural Cure","Poison Point","Technician","Grass","Poison",NA,NA
424,"#408","Cranidos",67,125,40,30,30,58,350,"Mold Breaker","Sheer Force","Sheer Force","Rock",NA,"Rampardos - Level 30",NA
425,"#409","Rampardos",97,165,60,65,50,58,495,"Mold Breaker","Sheer Force","Sheer Force","Rock",NA,NA,NA
426,"#410","Shieldon",30,62,118,22,88,30,350,"Sturdy","Soundproof","Soundproof","Rock","Steel","Bastiodon - Level 30",NA
427,"#411","Bastiodon",60,72,168,27,138,30,495,"Sturdy","Soundproof","Soundproof","Rock","Steel",NA,NA
428,"#412","Burmy",40,20,45,45,45,30,225,"Shed Skin","Overcoat","Overcoat","Bug",NA,"Wormadam - Level 25 (Female Burmy), Mothim - Level 25 (Male Burmy)","Evolves into Plant Cloak if last battling in Wild Grass
Evolves into Sandy Cloak if last battling in Caves/Desert
Evolves into Trash Cloak if last battling in Sewers/Indoors"
430,"#413","Wormadam
(Plant Cloak)",66,59,85,99,105,36,450,"Shield Dust","Overcoat","Overcoat","Bug","Grass",NA,NA
431,"#413","Wormadam
(Sandy Cloak)",66,99,105,59,85,36,450,"Rough Skin","Overcoat","Overcoat","Bug","Ground",NA,NA
432,"#413","Wormadam
(Trash Cloak)",66,77,97,77,97,36,450,"Wonder Skin","Overcoat","Overcoat","Bug","Steel",NA,NA
433,"#414","Mothim",70,94,50,94,50,92,450,"Swarm","Tinted Lens","Tinted Lens","Bug","Flying",NA,NA
434,"#415","Combee",30,30,42,30,42,70,244,"Honey Gather","Hustle","Hustle","Bug","Flying","Vespiquen - Level 21 (Female Combee)","Gender Ratio - 87.5% Male / 12.5% Female
-> 50% Male, 50% Female"
435,"#416","Vespiquen",81,95,102,80,102,40,500,"Intimidate","Pressure","Unnerve","Bug","Flying",NA,NA
436,"#417","Pachirisu",65,60,80,60,90,95,450,"Volt Absorb","Pickup","Run Away","Electric",NA,NA,NA
437,"#418","Buizel",55,65,35,60,30,85,330,"Swift Swim","Water Veil","Water Veil","Water",NA,"Floatzel - Level 26",NA
438,"#419","Floatzel",85,105,55,85,50,115,495,"Swift Swim","Water Veil","Water Veil","Water",NA,NA,NA
439,"#420","Cherubi",55,35,60,62,53,40,305,"Chlorophyll",NA,NA,"Grass",NA,"Cherrim - Level 18",NA
440,"#421","Cherrim",70,45,70,107,83,90,465,"Flower Gift",NA,NA,"Grass",NA,NA,NA
441,"#422","Shellos",76,48,48,57,62,34,325,"Sticky Hold","Storm Drain","Sand Force","Water",NA,"Gastrodon - Level 30",NA
442,"#423","Gastrodon",111,83,68,92,82,39,475,"Sticky Hold","Storm Drain","Sand Force","Water","Ground",NA,NA
443,"#424","Ambipom",75,105,66,68,66,115,495,"Skill Link","Technician","Pick Up","Normal",NA,NA,NA
444,"#425","Drifloon",90,50,34,60,44,70,348,"Flare Boost","Unburden","Aftermath","Ghost","Flying","Drifblim - Level 28",NA
445,"#426","Drifblim",150,80,44,90,54,80,498,"Flare Boost","Unburden","Aftermath","Ghost","Flying",NA,NA
446,"#427","Buneary",55,66,44,44,56,85,350,"Run Away","Limber","Klutz","Normal",NA,"Lopunny - Happiness",NA
447,"#428","Lopunny",65,96,84,54,96,105,500,"Scrappy","Scrappy","Limber","Normal","Fighting",NA,NA
448,"#429","Mismagius",60,64,66,105,105,95,495,"Infiltrator",NA,NA,"Ghost","Fairy",NA,NA
449,"#430","Honchkrow",100,125,52,105,52,71,505,"Moxie","Super Luck","Moxie","Dark","Flying",NA,NA
450,"#431","Glameow",50,65,45,45,40,90,335,"Limber","Own Tempo","Keen Eye","Normal",NA,"Purugly - Level 26",NA
451,"#432","Purugly",90,95,70,65,60,115,495,"Thick Fat","Defiant","Defiant","Normal",NA,NA,NA
452,"#433","Chingling",45,30,50,80,60,45,310,"Levitate",NA,NA,"Psychic",NA,"Chimecho - Level Up knowing Heal Bell",NA
453,"#434","Stunky",65,65,50,40,40,75,335,"Stench","Aftermath","Keen Eye","Poison","Dark","Skuntank - Level 26",NA
454,"#435","Skuntank",115,95,70,70,60,85,495,"Stench","Aftermath","Keen Eye","Poison","Dark",NA,NA
455,"#436","Bronzor",57,24,86,24,86,23,300,"Levitate","Heatproof","Heavy Metal","Steel","Psychic","Bronzong - Level 33",NA
456,"#437","Bronzong",67,89,116,79,116,33,500,"Levitate","Heatproof","Heavy Metal","Steel","Psychic",NA,NA
457,"#438","Bonsly",60,85,95,10,55,10,315,"Sturdy","Rock Head","Rattled","Rock",NA,"Sudowoodo - Level 25",NA
458,"#439","Mime Jr",20,15,45,80,90,65,315,"Technician","Filter","Soundproof","Psychic","Fairy","Mr. Mime - Level 25",NA
459,"#440","Happiny",100,5,5,15,65,30,220,"Natural Cure","Serene Grace","Friend Guard","Normal",NA,"Chansey - Level 30",NA
460,"#441","Chatot",75,65,50,105,50,96,441,"Soundproof","Tangled Feet","Big Pecks","Normal","Flying",NA,NA
461,"#442","Spiritomb",50,92,108,92,108,35,485,"Pressure","Infiltrator","Infiltrator","Ghost","Dark",NA,NA
462,"#443","Gible",58,70,45,40,45,42,300,"Sand Veil","Rough Skin","Rough Skin","Dragon","Ground","Gabite - Level 24",NA
463,"#444","Gabite",68,90,65,50,55,82,410,"Sand Veil","Rough Skin","Rough Skin","Dragon","Ground","Garchomp - Level 48",NA
464,"#445","Garchomp",108,130,95,80,85,102,600,"Sand Veil","Rough Skin","Rough Skin","Dragon","Ground",NA,NA
465,"#446","Munchlax",135,85,40,40,85,5,390,"Pickup","Thick Fat","Gluttony","Normal",NA,"Snorlax - Happiness","No longer found carrying Leftovers"
466,"#447","Riolu",40,70,40,35,40,60,285,"Prankster","Steadfast","Inner Focus","Fighting",NA,"Lucario - Level Up knowing Aura Sphere",NA
467,"#448","Lucario",70,110,70,115,70,90,525,"Justified","Steadfast","Inner Focus","Fighting","Steel",NA,NA
468,"#449","Hippopotas",68,72,78,38,42,32,330,"Sand Stream","Sand Force","Sand Force","Ground",NA,"Hippowdon - Level 34",NA
469,"#450","Hippowdon",108,112,118,68,72,47,525,"Sand Stream","Sand Force","Sand Force","Ground",NA,NA,NA
470,"#451","Skorupi",40,50,90,30,55,65,330,"Battle Armor","Sniper","Keen Eye","Poison","Bug","Drapion - Level 39",NA
471,"#452","Drapion",70,90,110,60,75,95,500,"Battle Armor","Sniper","Keen Eye","Poison","Dark",NA,NA
472,"#453","Croagunk",48,61,40,61,40,50,300,"Poison Touch","Dry Skin","Poison Touch","Poison","Fighting","Toxicroak - Level 33",NA
473,"#454","Toxicroak",83,106,65,86,65,85,490,"Poison Touch","Dry Skin","Poison Touch","Poison","Fighting",NA,NA
474,"#455","Carnivine",74,110,72,100,72,36,464,"Levitate",NA,NA,"Grass",NA,NA,NA
475,"#456","Finneon",50,30,60,60,60,70,330,"Swift Swim","Storm Drain","Water Veil","Water",NA,"Lumineon - Level 31",NA
476,"#457","Lumineon",70,43,75,105,90,102,485,"Swift Swim","Storm Drain","Water Veil","Water",NA,NA,NA
477,"#458","Mantyke",45,20,50,60,120,50,345,"Swift Swim","Water Absorb",NA,"Water","Flying","Mantine - Level Up w/ Remoraid in Party","Also can evolve into Mantine at Level 27"
478,"#459","Snover",60,62,50,62,60,40,334,"Snow Warning","Soundproof","Soundproof","Grass","Ice","Abomasnow - Level 40",NA
479,"#460","Abomasnow",90,92,75,92,85,60,494,"Snow Warning","Soundproof","Soundproof","Grass","Ice",NA,NA
480,"#461","Weavile",70,120,65,45,85,125,510,"Pressure",NA,"Pickpocket","Dark","Ice",NA,NA
481,"#462","Magnezone",70,70,115,130,90,60,535,"Analytic","Sturdy","Magnet Pull","Electric","Steel",NA,NA
482,"#463","Lickilicky",110,85,95,80,95,50,515,"Cloud Nine","Gluttony","Cloud Nine","Normal",NA,NA,NA
483,"#464","Rhyperior",115,140,130,55,55,40,535,"Lightning Rod","Solid Rock","Reckless","Ground","Rock",NA,NA
484,"#465","Tangrowth",100,100,125,110,50,50,535,"Regenerator","Leaf Guard","Regenerator","Grass",NA,NA,NA
485,"#466","Electivire",75,123,67,95,85,95,540,"Motor Drive","Vital Spirit","Vital Spirit","Electric","Fighting",NA,NA
486,"#467","Magmortar",75,95,62,130,85,93,540,"Flame Body","Vital Spirit","Vital Spirit","Fire",NA,NA,NA
487,"#468","Togekiss",85,50,95,120,115,80,545,"Super Luck","Serene Grace","Super Luck","Fairy","Flying",NA,NA
488,"#469","Yanmega",86,76,86,116,56,95,515,"Speed Boost","Tinted Lens","Frisk","Bug","Flying",NA,NA
489,"#470","Leafeon",65,110,130,60,65,95,525,"Super Luck","Chlorophyll","Chlorophyll","Grass",NA,NA,NA
490,"#471","Glaceon",65,60,110,130,65,95,525,"Snow Cloak","Serene Grace","Serene Grace","Ice",NA,NA,NA
491,"#472","Gliscor",75,95,125,45,75,95,510,"Hyper Cutter","Poison Heal","Poison Heal","Ground","Flying",NA,NA
492,"#473","Mamoswine",110,130,80,70,60,80,530,"Thick Fat","Snow Cloak","Oblivious","Ice","Ground",NA,NA
493,"#474","Porygon-Z",85,80,70,135,75,90,535,"Adaptability","Download","Analytic","Normal",NA,NA,NA
494,"#475","Gallade",68,125,65,65,110,85,518,"Justified","Hyper Cutter","Justified","Psychic","Fighting",NA,NA
495,"#476","Probopass",70,50,135,90,140,40,525,"Sturdy","Clear Body","Magnet Pull","Rock","Electric",NA,NA
496,"#477","Dusknoir",45,100,135,65,135,45,525,"Iron Fist","Cursed Body","Pressure","Ghost",NA,NA,NA
497,"#478","Froslass",70,70,70,110,70,110,500,"Snow Cloak","Cursed Body","Cursed Body","Ice","Ghost",NA,NA
498,"#479","Rotom",50,50,77,95,77,101,450,"Levitate",NA,NA,"Electric","Ghost",NA,NA
499,"#479","Rotom (Heat)",50,65,107,105,107,86,520,"Levitate",NA,"Electric","Fire",NA,NA,NA
500,"#479","Rotom (Wash)",50,65,107,105,107,86,520,"Levitate",NA,"Electric","Water",NA,NA,NA
501,"#479","Rotom (Fan)",50,65,92,105,92,116,520,"Motor Drive",NA,"Electric","Flying",NA,NA,NA
502,"#479","Rotom (Mow)",50,65,107,105,107,86,520,"Levitate",NA,"Electric","Grass",NA,NA,NA
503,"#480","Uxie",75,75,130,75,130,95,580,"Levitate",NA,NA,"Psychic","Fairy",NA,NA
504,"#481","Mesprit",80,105,105,105,105,80,580,"Levitate",NA,NA,"Psychic","Fairy",NA,NA
505,"#482","Azelf",75,125,70,125,70,115,580,"Levitate",NA,NA,"Psychic","Fairy",NA,NA
506,"#483","Dialga",100,120,120,150,100,90,680,"Pressure",NA,"Telepathy","Steel","Dragon",NA,NA
507,"#484","Palkia",90,120,100,150,120,100,680,"Pressure",NA,"Telepathy","Water","Dragon",NA,NA
508,"#485","Heatran",91,90,106,130,106,77,600,"Flash Fire",NA,"Flame Body","Fire","Steel",NA,NA
509,"#486","Regigigas",110,160,110,80,110,100,670,"Slow Start","Defeatist","Slow Start","Normal",NA,NA,NA
510,"#487","Giratina
(Altered Forme)",150,100,120,100,120,90,680,"Pressure",NA,"Telepathy","Ghost","Dragon",NA,"Now holds a Griseous Orb with a 100% rate"
511,"#487","Giratina
(Origin Forme)",150,120,100,120,100,90,680,"Levitate",NA,NA,"Ghost","Dragon",NA,NA
512,"#488","Cresselia",120,70,110,75,120,85,580,"Levitate",NA,NA,"Psychic",NA,NA,NA
513,"#489","Phione",80,80,80,80,80,80,480,"Hydration",NA,NA,"Water",NA,NA,NA
514,"#490","Manaphy",100,100,100,100,100,100,600,"Hydration",NA,NA,"Water",NA,NA,NA
515,"#491","Darkrai",70,90,90,135,90,125,600,"Bad Dreams",NA,NA,"Dark",NA,NA,NA
516,"#492","Shaymin
(Land Forme)",100,100,100,100,100,100,600,"Natural Cure",NA,NA,"Grass",NA,NA,NA
517,"#492","Shaymin
(Sky Forme)",100,103,75,120,75,127,600,"Serene Grace",NA,NA,"Grass","Flying",NA,NA
518,"#493","Arceus",120,120,120,120,120,120,720,"Multitype",NA,NA,"Normal",NA,NA,NA
519,"#494","Victini",100,100,100,100,100,100,600,"Victory Star",NA,NA,"Psychic","Fire",NA,NA
520,"#495","Snivy",45,45,55,45,55,63,308,"Contrary","Overgrow","Contrary","Grass",NA,"Servine - Level 17",NA
521,"#496","Servine",60,60,75,60,75,83,413,"Contrary","Overgrow","Contrary","Grass","Dragon","Serperior - Level 36",NA
522,"#497","Serperior",80,75,95,77,95,113,535,"Contrary","Overgrow","Contrary","Grass","Dragon",NA,NA
523,"#498","Tepig",65,63,45,45,45,45,308,"Sheer Force","Blaze","Sheer Force","Fire",NA,"Pignite - Level 17",NA
524,"#499","Pignite",90,93,55,70,55,55,418,"Sheer Force","Blaze","Sheer Force","Fire","Ground","Emboar - Level 36",NA
525,"#500","Emboar",115,125,80,70,80,65,535,"Mold Breaker","Blaze","Reckless","Fire","Ground",NA,NA
526,"#501","Oshawott",55,55,45,63,45,45,308,"Shell Armor","Torrent","Shell Armor","Water",NA,"Dewott - Level 17",NA
527,"#502","Dewott",75,75,60,83,60,60,413,"Shell Armor","Torrent","Shell Armor","Water","Fighting","Samurott - Level 36",NA
528,"#503","Samurott",95,100,85,110,75,70,535,"Shell Armor","Torrent","Shell Armor","Water","Fighting",NA,NA
529,"#504","Patrat",50,55,40,35,40,43,263,"Analytic","Keen Eye","Analytic","Normal",NA,"Watchog - Level 20",NA
530,"#505","Watchog",60,90,75,60,75,79,439,"Analytic","Keen Eye","Analytic","Normal",NA,NA,NA
531,"#506","Lillipup",45,60,45,25,45,55,275,"Vital Spirit","Pickup","Run Away","Normal",NA,"Herdier - Level 16",NA
532,"#507","Herdier",65,80,65,35,65,60,370,"Intimidate","Sand Rush","Scrappy","Normal",NA,"Stoutland - Level 32",NA
533,"#508","Stoutland",95,110,90,45,90,80,510,"Intimidate","Sand Rush","Scrappy","Normal",NA,NA,NA
534,"#509","Purrloin",41,50,37,50,37,66,281,"Prankster","Unburden","Prankster","Dark",NA,"Liepard - Level 20",NA
535,"#510","Liepard",64,90,50,90,50,106,450,"Prankster","Unburden","Prankster","Dark",NA,NA,NA
536,"#511","Pansage",50,53,48,53,48,64,316,"Gluttony","Overgrow","Overgrow","Grass",NA,"Simisage - Leaf Stone","Fast Exp growth group (800K Exp to Level 100)"
537,"#512","Simisage",75,99,63,99,63,101,500,"Gluttony","Overgrow","Overgrow","Grass",NA,NA,"Fast Exp growth group (800K Exp to Level 100)"
538,"#513","Pansear",50,53,48,53,48,64,316,"Gluttony","Blaze","Blaze","Fire",NA,"Simisear - Fire Stone","Fast Exp growth group (800K Exp to Level 100)"
539,"#514","Simisear",75,99,63,99,63,101,500,"Gluttony","Blaze","Blaze","Fire",NA,NA,"Fast Exp growth group (800K Exp to Level 100)"
540,"#515","Panpour",50,53,48,53,48,64,316,"Gluttony","Torrent","Torrent","Water",NA,"Simipour - Water Stone","Fast Exp growth group (800K Exp to Level 100)"
541,"#516","Simipour",75,99,63,99,63,101,500,"Gluttony","Torrent","Torrent","Water",NA,NA,"Fast Exp growth group (800K Exp to Level 100)"
542,"#517","Munna",76,25,45,67,55,24,292,"Analytic","Synchronize","Telepathy","Psychic","Fairy","Musharna - Moon Stone",NA
543,"#518","Musharna",116,55,85,107,95,29,487,"Analytic","Synchronize","Telepathy","Psychic","Fairy",NA,NA
544,"#519","Pidove",50,36,50,55,30,43,264,"Unaware","Super Luck","Rivalry","Normal","Flying","Tranquill - Level 21",NA
545,"#520","Tranquill",65,50,65,77,42,66,365,"Unaware","Super Luck","Rivalry","Normal","Flying","Unfezant - Level 32",NA
546,"#521","Unfezant",80,65,80,110,55,95,485,"Unaware","Super Luck","Rivalry","Normal","Flying",NA,NA
547,"#522","Blitzle",45,60,32,50,32,76,295,"Motor Drive","Sap Sipper","Lightning Rod","Electric",NA,"Zebstrika - Level 27",NA
548,"#523","Zebstrika",75,100,63,80,63,116,497,"Motor Drive","Sap Sipper","Lightning Rod","Electric",NA,NA,NA
549,"#524","Roggenrola",55,75,85,25,25,15,280,"Sturdy","Weak Armor","Sand Force","Rock",NA,"Boldore - Level 25",NA
550,"#525","Boldore",70,105,105,50,40,20,390,"Sturdy","Weak Armor","Sand Force","Rock",NA,"Gigalith - Use Link Cable",NA
551,"#526","Gigalith",85,135,130,60,80,25,515,"Sturdy","Sand Stream","Sand Force","Rock",NA,NA,NA
552,"#527","Woobat",65,45,43,65,43,72,333,"Unaware","Simple","Simple","Psychic","Flying","Swoobat - Level 25",NA
553,"#528","Swoobat",70,57,63,86,75,114,465,"Unaware","Simple","Simple","Psychic","Flying",NA,NA
554,"#529","Drilbur",60,85,40,30,45,68,328,"Sand Rush","Mold Breaker","Sand Force","Ground",NA,"Excadrill - Level 31",NA
555,"#530","Excadrill",110,135,60,50,65,88,508,"Sand Rush","Mold Breaker","Sand Force","Ground","Steel",NA,NA
556,"#531","Audino",103,60,86,60,86,50,445,"Natural Cure","Regenerator","Klutz","Normal","Fairy","No longer found carrying any Berries",NA
557,"#532","Timburr",75,80,55,25,35,35,305,"Sheer Force","Iron Fist","Sheer Force","Fighting",NA,"Gurdurr - Level 25",NA
558,"#533","Gurdurr",85,105,85,40,50,40,405,"Sheer Force","Iron Fist","Sheer Force","Fighting",NA,"Conkeldurr - Trade",NA
559,"#534","Conkeldurr",105,140,95,55,65,45,505,"Guts","Iron Fist","Sheer Force","Fighting",NA,NA,NA
560,"#535","Tympole",50,50,40,50,40,64,294,"Water Absorb","Hydration","Swift Swim","Water",NA,"Palpitoad - Level 25",NA
561,"#536","Palpitoad",75,65,55,65,55,69,384,"Water Absorb","Hydration","Swift Swim","Water","Ground","Seismitoad - Level 36",NA
562,"#537","Seismitoad",105,95,75,85,75,74,509,"Water Absorb","Poison Touch","Swift Swim","Water","Ground",NA,NA
563,"#538","Throh",120,100,85,30,85,45,465,"Guts","Mold Breaker","Mold Breaker","Fighting",NA,NA,NA
564,"#539","Sawk",75,125,75,30,75,85,465,"Sturdy","Mold Breaker","Mold Breaker","Fighting",NA,NA,NA
565,"#540","Sewaddle",45,53,70,40,60,42,310,"Swarm","Chlorophyll","Overcoat","Bug","Grass","Swadloon - Level 21",NA
566,"#541","Swadloon",70,63,90,50,80,42,395,"Leaf Guard","Chlorophyll","Overcoat","Bug","Grass","Leavanny - Happiness",NA
567,"#542","Leavanny",75,103,80,70,80,92,500,"Swarm","Chlorophyll","Overcoat","Bug","Grass",NA,NA
568,"#543","Venipede",30,45,59,30,39,57,260,"Quick Feet","Poison Point","Swarm","Bug","Poison","Whirlipede - Level 20",NA
569,"#544","Whirlipede",40,55,99,40,79,47,360,"Speed Boost","Poison Point","Swarm","Bug","Poison","Scolipede - Level 30",NA
570,"#545","Scolipede",60,100,89,55,69,112,485,"Speed Boost","Poison Point","Swarm","Bug","Poison",NA,NA
571,"#546","Cottonee",40,27,60,37,50,66,280,"Prankster","Infiltrator","Chlorophyll","Grass","Fairy","Whimisicott - Sun Stone",NA
572,"#547","Whimsicott",60,67,85,77,75,116,480,"Prankster","Infiltrator","Chlorophyll","Grass","Fairy",NA,NA
573,"#548","Petilil",45,35,50,70,50,30,280,"Chlorophyll","Own Tempo","Leaf Guard","Grass",NA,"Lilligant - Sun Stone",NA
574,"#549","Lilligant",70,60,75,115,75,95,490,"Chlorophyll","Own Tempo","Leaf Guard","Grass",NA,NA,NA
575,"#550","Basculin",90,92,65,90,55,98,490,"Reckless","Adaptability","Mold Breaker","Water",NA,NA,NA
576,"#551","Sandile",50,72,35,35,35,65,292,"Intimidate","Moxie","Anger Point","Ground","Dark","Krokorok - Level 27",NA
577,"#552","Krokorok",60,82,45,45,45,74,351,"Intimidate","Moxie","Anger Point","Ground","Dark","Krookodile - Level 40",NA
578,"#553","Krookodile",95,117,80,65,70,92,519,"Intimidate","Moxie","Anger Point","Ground","Dark",NA,NA
579,"#554","Darumaka",70,90,45,15,45,50,315,"Sheer Force",NA,"Inner Focus","Fire",NA,"Darmanitan - Level 35",NA
580,"#555","Darmanitan",105,140,55,30,55,95,480,"Sheer Force",NA,"Zen Mode","Fire",NA,NA,NA
581,"#555","Darmanitan (Zen)",105,30,105,140,105,55,540,"Sheer Force",NA,"Zen Mode","Fire","Psychic",NA,NA
582,"#556","Maractus",75,106,72,86,81,60,480,"Water Absorb","Storm Drain","Storm Drain","Grass",NA,NA,NA
583,"#557","Dwebble",50,65,85,35,35,55,325,"Sturdy","Shell Armor","Weak Armor","Bug","Rock","Crustle - Level 34",NA
584,"#558","Crustle",70,105,125,65,75,45,485,"Sturdy","Shell Armor","Weak Armor","Bug","Rock",NA,NA
585,"#559","Scraggy",50,75,70,35,70,48,348,"Intimidate","Moxie","Shed Skin","Dark","Fighting","Scrafty - Level 30",NA
586,"#560","Scrafty",65,90,115,45,115,58,488,"Intimidate","Moxie","Shed Skin","Dark","Fighting",NA,NA
587,"#561","Sigilyph",72,58,80,103,80,97,490,"Tinted Lens","Magic Guard","Wonder Skin","Psychic","Flying",NA,NA
588,"#562","Yamask",38,30,85,55,65,30,303,"Mummy",NA,NA,"Ghost",NA,"Cofagrigus - Level 34",NA
589,"#563","Cofagrigus",68,50,145,95,105,30,493,"Mummy",NA,NA,"Ghost",NA,NA,NA
590,"#564","Tirtouga",54,78,103,53,45,22,355,"Solid Rock","Sturdy","Swift Swim","Water","Rock","Carracosta - Level 37",NA
591,"#565","Carracosta",74,108,133,83,65,32,495,"Solid Rock","Sturdy","Swift Swim","Water","Rock",NA,NA
592,"#566","Archen",55,112,45,74,45,70,401,"Defeatist",NA,NA,"Rock","Flying","Archeops - Level 37","Base Exp - 71 -> 65"
593,"#567","Archeops",75,140,65,112,65,110,567,"Defeatist",NA,NA,"Rock","Flying",NA,NA
594,"#568","Trubbish",65,50,62,45,62,65,349,"Aftermath","Stench","Sticky Hold","Poison",NA,"Garbodor - Level 36",NA
595,"#569","Garbodor",100,95,82,60,82,75,494,"Aftermath","Stench","Sticky Hold","Poison",NA,NA,NA
596,"#570","Zorua",40,65,40,80,40,65,330,"Illusion",NA,NA,"Dark",NA,"Zoroark - Level 30",NA
597,"#571","Zoroark",60,105,60,120,60,105,510,"Illusion",NA,NA,"Dark",NA,NA,NA
598,"#572","Minccino",55,50,40,40,40,75,300,"Skill Link","Technician","Cute Charm","Normal",NA,"Cinccino - Shiny Stone",NA
599,"#573","Cinccino",80,100,60,65,60,115,480,"Skill Link","Technician","Cute Charm","Normal",NA,NA,NA
600,"#574","Gothita",45,30,50,55,65,45,290,"Shadow Tag","Frisk","Frisk","Psychic","Dark","Gothorita - Level 30",NA
601,"#575","Gothorita",60,45,70,75,85,55,390,"Shadow Tag","Frisk","Frisk","Psychic","Dark","Gothitelle - Level 41",NA
602,"#576","Gothitelle",70,55,95,95,110,65,490,"Shadow Tag","Frisk","Frisk","Psychic","Dark",NA,NA
603,"#577","Solosis",45,30,40,105,50,20,290,"Regenerator","Magic Guard","Overcoat","Psychic",NA,"Duosion - Level 30",NA
604,"#578","Duosion",65,40,50,125,60,30,370,"Regenerator","Magic Guard","Overcoat","Psychic",NA,"Reuniclus - Level 41",NA
605,"#579","Reuniclus",110,65,75,125,85,30,490,"Regenerator","Magic Guard","Overcoat","Psychic",NA,NA,NA
606,"#580","Ducklett",62,44,50,44,50,55,305,"Friend Guard","Big Pecks","Hydration","Water","Flying","Swanna - Level 35",NA
607,"#581","Swanna",82,63,65,109,83,98,500,"Friend Guard","Big Pecks","Hydration","Water","Flying",NA,NA
608,"#582","Vanillite",36,50,50,65,60,44,305,"Ice Body","Snow Cloak","Weak Armor","Ice",NA,"Vanillish - Level 29",NA
609,"#583","Vanillish",51,65,65,80,75,59,395,"Ice Body","Snow Cloak","Weak Armor","Ice",NA,"Vanilluxe - Level 47",NA
610,"#584","Vanilluxe",71,95,85,110,95,79,535,"Ice Body","Snow Warning","Weak Armor","Ice","Fairy",NA,NA
611,"#585","Deerling",60,60,50,40,50,75,335,"Chlorophyll","Sap Sipper","Serene Grace","Normal","Grass","Sawsbuck - Level 34",NA
612,"#586","Sawsbuck",85,110,70,60,70,95,490,"Chlorophyll","Sap Sipper","Serene Grace","Normal","Grass",NA,NA
613,"#587","Emolga",60,75,60,90,60,105,450,"Static","Motor Drive","Motor Drive","Electric","Flying",NA,NA
614,"#588","Karrablast",50,75,45,40,45,60,315,"Swarm","No Guard","Shed Skin","Bug",NA,"Escavalier - Use Metal Coat
or Level Up w/ Shelmet in Party",NA
615,"#589","Escavalier",70,135,105,60,105,20,495,"Shell Armor","No Guard","Overcoat","Bug","Steel",NA,NA
616,"#590","Foongus",69,55,45,55,55,15,294,"Effect Spore","Regenerator","Regenerator","Grass","Poison","Amoonguss - Level 39",NA
617,"#591","Amoonguss",114,85,70,85,80,30,464,"Effect Spore","Regenerator","Regenerator","Grass","Poison",NA,NA
618,"#592","Frillish",55,40,50,65,85,40,335,"Water Absorb","Cursed Body",NA,"Water","Ghost","Jellicent - Level 40",NA
619,"#593","Jellicent",100,60,70,85,105,60,480,"Water Absorb","Cursed Body","Damp","Water","Ghost",NA,NA
620,"#594","Alomomola",165,75,80,40,45,65,470,"Regenerator","Hydration","Regenerator","Water",NA,NA,NA
621,"#595","Joltik",50,47,50,57,50,65,319,"Compound Eyes","Unnerve","Swarm","Bug","Electric","Galvantula - Level 39",NA
622,"#596","Galvantula",70,92,60,103,60,108,493,"Compound Eyes","Unnerve","Swarm","Bug","Electric",NA,NA
623,"#597","Ferroseed",44,50,91,24,86,10,305,"Iron Barbs",NA,NA,"Grass","Steel","Ferrothorn - Level 40",NA
624,"#598","Ferrothorn",74,94,131,54,116,20,489,"Iron Barbs",NA,NA,"Grass","Steel",NA,NA
625,"#599","Klink",40,55,70,45,60,30,300,"Levitate",NA,NA,"Steel",NA,"Klang - Level 30",NA
626,"#600","Klang",60,80,95,70,85,50,440,"Levitate",NA,NA,"Steel",NA,"Klinklang - Level 49",NA
627,"#601","Klinklang",60,100,115,70,85,90,520,"Levitate",NA,NA,"Steel",NA,NA,NA
628,"#602","Tynamo",35,55,40,45,40,60,275,"Levitate",NA,NA,"Electric",NA,"Eelektrik - Level 30",NA
629,"#603","Eelektrik",65,85,70,75,70,40,405,"Levitate",NA,NA,"Electric",NA,"Eelektross - Thunder Stone",NA
630,"#604","Eelektross",85,115,80,105,80,50,515,"Levitate",NA,NA,"Electric",NA,NA,NA
631,"#605","Elgyem",55,55,55,85,55,30,335,"Analytic","Synchronize","Analytic","Psychic",NA,"Beheeyem - Level 37",NA
632,"#606","Beheeyem",75,75,75,125,95,40,485,"Analytic","Synchronize","Analytic","Psychic",NA,NA,NA
633,"#607","Litwick",50,30,55,65,55,20,275,"Flash Fire","Flame Body","Infiltrator","Ghost","Fire","Lampent - Level 27",NA
634,"#608","Lampent",60,40,60,95,60,55,370,"Flash Fire","Flame Body","Infiltrator","Ghost","Fire","Chandelure - Dusk Stone",NA
635,"#609","Chandelure",60,55,90,145,90,80,520,"Flash Fire","Flame Body","Shadow Tag","Ghost","Fire",NA,NA
636,"#610","Axew",46,87,60,30,40,57,320,"Rivalry","Mold Breaker","Unnerve","Dragon",NA,"Fraxure - Level 38",NA
637,"#611","Fraxure",66,117,70,40,50,67,410,"Rivalry","Mold Breaker","Unnerve","Dragon",NA,"Haxorus - Level 48",NA
638,"#612","Haxorus",76,147,90,60,70,97,540,"Rivalry","Mold Breaker","Unnerve","Dragon",NA,NA,NA
639,"#613","Cubchoo",55,70,40,60,40,40,305,"Snow Cloak","Rattled","Rattled","Ice",NA,"Beartic - Level 37",NA
640,"#614","Beartic",105,130,80,70,80,55,520,"Snow Cloak","Sheer Force","Swift Swim","Ice","Fighting",NA,NA
641,"#615","Cryogonal",80,50,50,95,135,105,515,"Levitate",NA,NA,"Ice",NA,NA,NA
642,"#616","Shelmet",50,40,85,40,65,25,305,"Overcoat","Shell Armor","Hydration","Bug",NA,"Accelgor - Use Reaper Cloth
or Level Up w/ Karrablast in Party",NA
643,"#617","Accelgor",80,70,40,100,60,145,495,"Infiltrator","Unburden","Sticky Hold","Bug",NA,NA,NA
644,"#618","Stunfisk",109,66,84,90,99,32,480,"Static","Lightning Rod","Sand Veil","Ground","Electric",NA,NA
645,"#619","Mienfoo",45,85,50,55,50,65,350,"Reckless","Regenerator","Reckless","Fighting",NA,"Mienshao - Level 50",NA
646,"#620","Mienshao",65,125,60,95,60,105,510,"Reckless","Regenerator","Reckless","Fighting",NA,NA,NA
647,"#621","Druddigon",77,120,90,60,90,48,485,"Rough Skin","Sheer Force","Mold Breaker","Dragon",NA,NA,NA
648,"#622","Golett",59,74,50,35,50,35,303,"Iron Fist","No Guard","Klutz","Ground","Ghost","Golurk - Level 40",NA
649,"#623","Golurk",115,125,85,55,85,55,520,"Iron Fist","No Guard","Klutz","Ground","Ghost",NA,NA
650,"#624","Pawniard",45,85,70,40,40,60,340,"Defiant","Inner Focus","Pressure","Dark","Steel","Bisharp - Level 40",NA
651,"#625","Bisharp",65,125,100,60,70,70,490,"Defiant","Inner Focus","Pressure","Dark","Steel",NA,NA
652,"#626","Bouffalant",95,110,95,40,95,55,490,"Reckless","Sap Sipper","Soundproof","Normal",NA,NA,NA
653,"#627","Rufflet",70,83,50,37,50,60,350,"Hustle","Sheer Force","Hustle","Normal","Flying","Braviary - Level 40",NA
654,"#628","Braviary",100,123,75,57,75,80,510,"Defiant","Sheer Force","Defiant","Normal","Flying",NA,NA
655,"#629","Vullaby",70,55,75,45,65,60,370,"Overcoat","Weak Armor","Overcoat","Dark","Flying","Mandibuzz - Level 40",NA
656,"#630","Mandibuzz",110,65,105,55,95,80,510,"Overcoat","Weak Armor","Overcoat","Dark","Flying",NA,NA
657,"#631","Heatmor",85,97,66,105,66,65,484,"Mold Breaker","Flash Fire","White Smoke","Fire",NA,NA,NA
658,"#632","Durant",58,109,112,48,48,109,484,"Heatproof","Hustle","Truant","Bug","Steel",NA,NA
659,"#633","Deino",52,65,50,45,50,38,300,"Hustle",NA,NA,"Dark","Dragon","Zweilous - Level 38",NA
660,"#634","Zweilous",72,85,70,65,70,58,420,"Hustle",NA,NA,"Dark","Dragon","Hydreigon - Level 58",NA
661,"#635","Hydreigon",92,105,90,125,90,98,600,"Levitate",NA,NA,"Dark","Dragon",NA,NA
662,"#636","Larvesta",55,85,55,50,55,60,360,"Flame Body","Swarm","Swarm","Bug","Fire","Volcarona - Level 59",NA
663,"#637","Volcarona",85,60,65,135,105,100,550,"Flame Body","Swarm","Swarm","Bug","Fire",NA,NA
664,"#638","Cobalion",91,90,129,90,72,108,580,"Justified",NA,NA,"Steel","Fighting",NA,NA
665,"#639","Terrakion",91,129,90,72,90,108,580,"Justified",NA,NA,"Rock","Fighting",NA,NA
666,"#640","Virizion",91,90,72,90,129,108,580,"Justified",NA,NA,"Grass","Fighting",NA,NA
667,"#641","Tornadus (Incarnate)",79,115,70,125,80,111,580,"Prankster","Defiant","Defiant","Flying",NA,NA,NA
668,"#641","Tornadus (Therian)",79,100,80,110,90,121,580,"Regenerator",NA,NA,"Flying",NA,NA,NA
669,"#642","Thundurus (Incarnate)",79,115,70,125,80,111,580,"Prankster","Defiant","Defiant","Electric","Flying",NA,NA
670,"#642","Thundurus (Therian)",79,105,70,145,80,101,580,"Volt Absorb",NA,NA,"Electric","Flying",NA,NA
671,"#643","Reshiram",100,120,100,150,120,90,680,"Turboblaze",NA,NA,"Dragon","Fire",NA,NA
672,"#644","Zekrom",100,150,120,120,100,90,680,"Teravolt",NA,NA,"Dragon","Electric",NA,NA
673,"#645","Landorus (Incarnate)",89,125,90,115,80,101,600,"Sand Force","Sheer Force","Sheer Force","Ground","Flying",NA,NA
674,"#645","Landorus (Therian)",89,145,90,105,80,91,600,"Intimidate",NA,NA,"Ground","Flying",NA,NA
675,"#646","Kyurem",125,130,90,130,90,95,660,"Pressure",NA,NA,"Dragon","Ice",NA,NA
676,"#646","Kyurem (Black)",125,170,100,120,90,95,700,"Teravolt",NA,NA,"Dragon","Ice",NA,NA
677,"#646","Kyurem (White)",125,120,90,170,100,95,700,"Turboblaze",NA,NA,"Dragon","Ice",NA,NA
678,"#647","Keldeo",91,72,90,129,90,108,580,"Justified",NA,NA,"Water","Fighting",NA,NA
679,"#648","Meloetta (Aria)",100,77,77,128,128,90,600,"Serene Grace",NA,NA,"Normal","Psychic",NA,NA
680,"#648","Meloetta (Pirouette)",100,128,90,77,77,128,600,"Serene Grace",NA,NA,"Normal","Fighting",NA,NA
681,"#649","Genesect",71,120,95,120,95,99,600,"Download",NA,NA,"Bug","Steel",NA,NA
